TS_Call,Date_cible,RÃ©ponse
2019-04-29 16:44:35.130401,20121114,200
2019-04-29 16:44:36.917758,20121115,200
2019-04-30 07:32:09.184761,20121116,200
2019-04-30 07:32:22.977533,20121117,200
2019-04-30 07:32:36.764973,20121118,200
2019-04-30 07:32:50.558921,20121119,200
2019-04-30 07:33:04.345545,20121120,200
2019-04-30 07:33:18.124159,20121121,200
2019-04-30 07:33:31.925272,20121122,200
2019-04-30 07:33:45.721293,20121123,200
2019-04-30 07:33:59.563795,20121124,200
2019-04-30 07:34:13.348391,20121125,200
2019-04-30 07:34:27.135615,20121126,200
2019-04-30 07:34:40.912311,20121127,200
2019-04-30 07:34:54.681246,20121128,200
2019-04-30 07:35:08.467364,20121129,200
2019-04-30 07:35:22.616397,20121130,200
2019-04-30 07:35:36.395720,20121201,200
2019-04-30 07:35:50.186818,20121202,200
2019-04-30 07:36:03.984853,20121203,200
2019-04-30 07:36:17.777509,20121204,200
2019-04-30 07:36:31.569105,20121205,200
2019-04-30 07:36:45.335721,20121206,200
2019-04-30 07:36:59.131863,20121207,200
2019-04-30 07:37:12.919571,20121208,200
2019-04-30 07:37:26.711781,20121209,200
2019-04-30 07:37:40.516260,20121210,200
2019-04-30 07:37:54.299325,20121211,200
2019-04-30 07:38:08.064512,20121212,200
2019-04-30 07:38:21.877507,20121213,200
2019-04-30 07:38:35.672566,20121214,200
2019-04-30 07:38:49.461910,20121215,200
2019-04-30 07:39:03.246279,20121216,200
2019-04-30 07:39:17.052530,20121217,200
2019-04-30 07:39:30.842539,20121218,200
2019-04-30 07:39:44.637067,20121219,200
2019-04-30 07:39:58.419613,20121220,200
2019-04-30 07:40:12.215113,20121221,200
2019-04-30 07:40:26.043800,20121222,200
2019-04-30 07:40:39.826093,20121223,200
2019-04-30 07:40:53.602178,20121224,200
2019-04-30 07:41:07.396682,20121225,200
2019-04-30 07:41:21.185494,20121226,200
2019-04-30 07:41:34.989075,20121227,200
2019-04-30 07:41:48.773294,20121228,200
2019-04-30 07:42:02.739626,20121229,200
2019-04-30 07:42:16.580985,20121230,200
2019-04-30 07:42:30.350841,20121231,200
2019-04-30 07:42:44.179963,20130101,200
2019-04-30 07:42:57.980667,20130102,200
2019-04-30 07:43:11.770882,20130103,200
2019-04-30 07:43:25.553317,20130104,200
2019-04-30 07:43:39.345822,20130105,200
2019-04-30 07:43:53.142756,20130106,200
2019-04-30 07:44:06.947915,20130107,200
2019-04-30 07:44:20.744038,20130108,200
2019-04-30 07:44:34.547035,20130109,200
2019-04-30 07:44:48.346263,20130110,200
2019-04-30 07:45:02.164053,20130111,200
2019-04-30 07:45:15.975263,20130112,200
2019-04-30 07:45:29.773267,20130113,200
2019-04-30 07:45:43.588850,20130114,200
2019-04-30 07:45:57.393349,20130115,200
2019-04-30 07:46:11.268003,20130116,200
2019-04-30 07:46:25.105891,20130117,200
2019-04-30 07:46:38.901794,20130118,200
2019-04-30 07:46:52.699766,20130119,200
2019-04-30 07:47:06.510668,20130120,200
2019-04-30 07:47:20.333616,20130121,200
2019-04-30 07:47:34.143767,20130122,200
2019-04-30 07:47:47.953953,20130123,200
2019-04-30 07:48:01.760972,20130124,200
2019-04-30 07:48:15.569424,20130125,200
2019-04-30 07:48:29.365840,20130126,200
2019-04-30 07:48:43.177642,20130127,200
2019-04-30 07:48:56.996115,20130128,200
2019-04-30 07:49:10.809581,20130129,200
2019-04-30 07:49:24.660828,20130130,200
2019-04-30 07:49:38.485522,20130131,200
2019-04-30 07:49:52.302618,20130201,200
2019-04-30 07:50:06.128955,20130202,200
2019-04-30 07:50:19.960338,20130203,200
2019-04-30 07:50:33.798230,20130204,200
2019-04-30 07:50:47.624892,20130205,200
2019-04-30 07:51:01.457045,20130206,200
2019-04-30 07:51:15.303456,20130207,200
2019-04-30 07:51:29.141021,20130208,200
2019-04-30 07:51:42.970542,20130209,200
2019-04-30 07:51:56.822503,20130210,200
2019-04-30 07:52:10.684389,20130211,200
2019-04-30 07:52:24.524346,20130212,200
2019-04-30 07:52:38.368450,20130213,200
2019-04-30 07:52:52.225211,20130214,200
2019-04-30 07:53:06.081613,20130215,200
2019-04-30 07:53:19.956079,20130216,200
2019-04-30 07:53:33.798166,20130217,200
2019-04-30 07:53:47.638552,20130218,200
2019-04-30 07:54:01.488958,20130219,200
2019-04-30 07:54:15.344052,20130220,200
2019-04-30 07:54:29.197785,20130221,200
2019-04-30 07:54:43.072036,20130222,200
2019-04-30 07:54:56.932267,20130223,200
2019-04-30 07:55:10.784017,20130224,200
2019-04-30 07:55:24.647755,20130225,200
2019-04-30 07:55:38.514409,20130226,200
2019-04-30 07:55:52.370020,20130227,200
2019-04-30 07:56:06.242877,20130228,200
2019-04-30 07:56:20.090094,20130301,200
2019-04-30 07:56:33.949078,20130302,200
2019-04-30 07:56:47.810875,20130303,200
2019-04-30 07:57:01.706693,20130304,200
2019-04-30 07:57:15.600822,20130305,200
2019-04-30 07:57:29.467984,20130306,200
2019-04-30 07:57:43.340453,20130307,200
2019-04-30 07:57:57.207376,20130308,200
2019-04-30 07:58:11.087656,20130309,200
2019-04-30 07:58:24.999278,20130310,200
2019-04-30 07:58:38.876710,20130311,200
2019-04-30 07:58:52.751568,20130312,200
2019-04-30 07:59:06.615730,20130313,200
2019-04-30 07:59:20.508794,20130314,200
2019-04-30 07:59:34.404870,20130315,200
2019-04-30 07:59:48.297822,20130316,200
2019-04-30 08:00:02.289993,20130317,200
2019-04-30 08:00:16.170995,20130318,200
2019-04-30 08:00:30.028959,20130319,200
2019-04-30 08:00:43.917962,20130320,200
2019-04-30 08:00:57.808349,20130321,200
2019-04-30 08:01:11.699915,20130322,200
2019-04-30 08:01:25.604621,20130323,200
2019-04-30 08:01:39.506277,20130324,200
2019-04-30 08:01:53.400017,20130325,200
2019-04-30 08:02:07.288616,20130326,200
2019-04-30 08:02:21.184020,20130327,200
2019-04-30 08:02:35.094170,20130328,200
2019-04-30 08:02:48.990894,20130329,200
2019-04-30 08:03:02.889876,20130330,200
2019-04-30 08:03:16.801346,20130331,200
2019-04-30 08:03:30.699453,20130401,200
2019-04-30 08:03:44.603586,20130402,200
2019-04-30 08:03:58.556106,20130403,200
2019-04-30 08:04:12.454352,20130404,200
2019-04-30 08:04:26.381394,20130405,200
2019-04-30 08:04:40.284988,20130406,200
2019-04-30 08:04:54.213897,20130407,200
2019-04-30 08:05:08.143321,20130408,200
2019-04-30 08:05:22.157506,20130409,200
2019-04-30 08:05:36.070740,20130410,200
2019-04-30 08:05:49.985189,20130411,200
2019-04-30 08:06:03.907207,20130412,200
2019-04-30 08:06:17.830847,20130413,200
2019-04-30 08:06:31.790270,20130414,200
2019-04-30 08:06:45.723873,20130415,200
2019-04-30 08:06:59.636340,20130416,200
2019-04-30 08:07:13.554466,20130417,200
2019-04-30 08:07:27.493075,20130418,200
2019-04-30 08:07:41.388728,20130419,200
2019-04-30 08:07:55.332616,20130420,200
2019-04-30 08:08:09.270813,20130421,200
2019-04-30 08:08:23.198642,20130422,200
2019-04-30 08:08:37.126407,20130423,200
2019-04-30 08:08:51.054980,20130424,200
2019-04-30 08:09:04.978679,20130425,200
2019-04-30 08:09:18.895168,20130426,200
2019-04-30 08:09:32.820362,20130427,200
2019-04-30 08:09:46.780264,20130428,200
2019-04-30 08:10:00.705795,20130429,200
2019-04-30 08:10:14.645531,20130430,200
2019-04-30 08:10:28.587341,20130501,200
2019-04-30 08:10:42.511642,20130502,200
2019-04-30 08:10:56.432137,20130503,200
2019-04-30 08:11:10.381419,20130504,200
2019-04-30 08:11:24.315112,20130505,200
2019-04-30 08:11:38.269592,20130506,200
2019-04-30 08:11:52.221871,20130507,200
2019-04-30 08:12:06.197574,20130508,200
2019-04-30 08:12:20.117488,20130509,200
2019-04-30 08:12:34.053250,20130510,200
2019-04-30 08:12:47.979274,20130511,200
2019-04-30 08:13:01.928169,20130512,200
2019-04-30 08:13:15.877549,20130513,200
2019-04-30 08:13:29.811595,20130514,200
2019-04-30 08:13:43.746138,20130515,200
2019-04-30 08:13:57.683279,20130516,200
2019-04-30 08:14:11.620947,20130517,200
2019-04-30 08:14:25.570588,20130518,200
2019-04-30 08:14:39.518015,20130519,200
2019-04-30 08:14:53.469091,20130520,200
2019-04-30 08:15:07.415789,20130521,200
2019-04-30 08:15:21.400166,20130522,200
2019-04-30 08:15:35.387482,20130523,200
2019-04-30 08:15:49.359259,20130524,200
2019-04-30 08:16:03.308401,20130525,200
2019-04-30 08:16:17.251536,20130526,200
2019-04-30 08:16:31.190261,20130527,200
2019-04-30 08:16:45.157767,20130528,200
2019-04-30 08:16:59.112208,20130529,200
2019-04-30 08:17:13.071072,20130530,200
2019-04-30 08:17:27.033593,20130531,200
2019-04-30 08:17:41.026717,20130601,200
2019-04-30 08:17:54.987277,20130602,200
2019-04-30 08:18:08.938734,20130603,200
2019-04-30 08:18:22.890625,20130604,200
2019-04-30 08:18:36.849257,20130605,200
2019-04-30 08:18:50.816324,20130606,200
2019-04-30 08:19:04.774249,20130607,200
2019-04-30 08:19:18.731042,20130608,200
2019-04-30 08:19:32.719678,20130609,200
2019-04-30 08:19:46.688929,20130610,200
2019-04-30 08:20:00.637869,20130611,200
2019-04-30 08:20:14.598995,20130612,200
2019-04-30 08:20:28.564796,20130613,200
2019-04-30 08:20:42.521219,20130614,200
2019-04-30 08:20:56.489983,20130615,200
2019-04-30 08:21:10.463213,20130616,200
2019-04-30 08:21:24.434695,20130617,200
2019-04-30 08:21:38.400027,20130618,200
2019-04-30 08:21:52.371700,20130619,200
2019-04-30 08:22:06.342859,20130620,200
2019-04-30 08:22:20.321683,20130621,200
2019-04-30 08:22:34.313632,20130622,200
2019-04-30 08:22:48.287884,20130623,200
2019-04-30 08:23:02.279349,20130624,200
2019-04-30 08:23:16.255637,20130625,200
2019-04-30 08:23:30.278213,20130626,200
2019-04-30 08:23:44.271832,20130627,200
2019-04-30 08:23:58.297095,20130628,200
2019-04-30 08:24:12.282554,20130629,200
2019-04-30 08:24:26.261929,20130630,200
2019-04-30 08:24:40.223728,20130701,200
2019-04-30 08:24:54.217447,20130702,200
2019-04-30 08:25:08.191114,20130703,200
2019-04-30 08:25:22.592402,20130704,200
2019-04-30 08:25:36.586543,20130705,200
2019-04-30 08:25:50.571227,20130706,200
2019-04-30 08:26:04.558229,20130707,200
2019-04-30 08:26:18.537542,20130708,200
2019-04-30 08:26:32.523370,20130709,200
2019-04-30 08:26:46.504083,20130710,200
2019-04-30 08:27:00.495486,20130711,200
2019-04-30 08:27:14.480461,20130712,200
2019-04-30 08:27:28.476915,20130713,200
2019-04-30 08:27:42.494683,20130714,200
2019-04-30 08:27:56.491214,20130715,200
2019-04-30 08:28:10.477185,20130716,200
2019-04-30 08:28:24.459867,20130717,200
2019-04-30 08:28:38.440762,20130718,200
2019-04-30 08:28:52.457578,20130719,200
2019-04-30 08:29:06.543148,20130720,200
2019-04-30 08:29:20.599969,20130721,200
2019-04-30 08:29:34.643646,20130722,200
2019-04-30 08:29:48.697237,20130723,200
2019-04-30 08:30:02.762133,20130724,200
2019-04-30 08:30:16.801754,20130725,200
2019-04-30 08:30:30.832836,20130726,200
2019-04-30 08:30:44.873069,20130727,200
2019-04-30 08:30:58.919381,20130728,200
2019-04-30 08:31:12.960969,20130729,200
2019-04-30 08:31:27.022675,20130730,200
2019-04-30 08:31:41.075410,20130731,200
2019-04-30 08:31:55.128735,20130801,200
2019-04-30 08:32:09.184897,20130802,200
2019-04-30 08:32:23.224861,20130803,200
2019-04-30 08:32:37.273001,20130804,200
2019-04-30 08:32:51.316523,20130805,200
2019-04-30 08:33:05.371786,20130806,200
2019-04-30 08:33:19.448165,20130807,200
2019-04-30 08:33:33.530631,20130808,200
2019-04-30 08:33:47.613511,20130809,200
2019-04-30 08:34:01.667507,20130810,200
2019-04-30 08:34:15.723646,20130811,200
2019-04-30 08:34:29.784072,20130812,200
2019-04-30 08:34:43.840817,20130813,200
2019-04-30 08:34:57.927477,20130814,200
2019-04-30 08:35:12.018133,20130815,200
2019-04-30 08:35:26.125194,20130816,200
2019-04-30 08:35:40.211191,20130817,200
2019-04-30 08:35:54.280549,20130818,200
2019-04-30 08:36:08.341365,20130819,200
2019-04-30 08:36:22.416589,20130820,200
2019-04-30 08:36:36.470451,20130821,200
2019-04-30 08:36:50.559239,20130822,200
2019-04-30 08:37:04.623826,20130823,200
2019-04-30 08:37:18.684297,20130824,200
2019-04-30 08:37:32.757856,20130825,200
2019-04-30 08:37:46.832111,20130826,200
2019-04-30 08:38:00.935265,20130827,200
2019-04-30 08:38:15.006324,20130828,200
2019-04-30 08:38:29.074800,20130829,200
2019-04-30 08:38:43.139501,20130830,200
2019-04-30 08:38:57.210162,20130831,200
2019-04-30 08:39:11.864537,20130901,200
2019-04-30 08:39:25.969398,20130902,200
2019-04-30 08:39:40.084293,20130903,200
2019-04-30 08:39:54.183307,20130904,200
2019-04-30 08:40:08.303304,20130905,200
2019-04-30 08:40:22.743187,20130906,200
2019-04-30 08:40:36.818272,20130907,200
2019-04-30 08:40:50.911857,20130908,200
2019-04-30 08:41:04.994530,20130909,200
2019-04-30 08:41:19.089618,20130910,200
2019-04-30 08:41:33.204328,20130911,200
2019-04-30 08:41:47.281192,20130912,200
2019-04-30 08:42:01.412855,20130913,200
2019-04-30 08:42:15.499520,20130914,200
2019-04-30 08:42:29.593659,20130915,200
2019-04-30 08:42:43.698524,20130916,200
2019-04-30 08:42:57.790525,20130917,200
2019-04-30 08:43:11.862600,20130918,200
2019-04-30 08:43:25.932556,20130919,200
2019-04-30 08:43:40.065466,20130920,200
2019-04-30 08:43:54.170021,20130921,200
2019-04-30 08:44:08.310970,20130922,200
2019-04-30 08:44:22.425860,20130923,200
2019-04-30 08:44:36.529052,20130924,200
2019-04-30 08:44:50.657481,20130925,200
2019-04-30 08:45:04.778945,20130926,200
2019-04-30 08:45:18.877780,20130927,200
2019-04-30 08:45:32.997871,20130928,200
2019-04-30 08:45:47.101955,20130929,200
2019-04-30 08:46:01.215541,20130930,200
2019-04-30 08:46:15.340932,20131001,200
2019-04-30 08:46:29.476388,20131002,200
2019-04-30 08:46:43.584398,20131003,200
2019-04-30 08:46:57.671839,20131004,200
2019-04-30 08:47:11.771628,20131005,200
2019-04-30 08:47:25.853804,20131006,200
2019-04-30 08:47:39.952445,20131007,200
2019-04-30 08:47:54.039680,20131008,200
2019-04-30 08:48:08.146204,20131009,200
2019-04-30 08:48:22.245741,20131010,200
2019-04-30 08:48:36.327403,20131011,200
2019-04-30 08:48:50.423546,20131012,200
2019-04-30 08:49:04.537500,20131013,200
2019-04-30 08:49:18.611024,20131014,200
2019-04-30 08:49:32.715306,20131015,200
2019-04-30 08:49:46.789183,20131016,200
2019-04-30 08:50:00.869818,20131017,200
2019-04-30 08:50:14.952724,20131018,200
2019-04-30 08:50:29.024587,20131019,200
2019-04-30 08:50:43.139390,20131020,200
2019-04-30 08:50:57.233687,20131021,200
2019-04-30 08:51:11.433705,20131022,200
2019-04-30 08:51:25.540594,20131023,200
2019-04-30 08:51:39.617484,20131024,200
2019-04-30 08:51:53.693411,20131025,200
2019-04-30 08:52:07.768542,20131026,200
2019-04-30 08:52:21.836973,20131027,200
2019-04-30 08:52:35.890454,20131028,200
2019-04-30 08:52:49.963638,20131029,200
2019-04-30 08:53:04.093289,20131030,200
2019-04-30 08:53:18.169659,20131031,200
2019-04-30 08:53:32.235472,20131101,200
2019-04-30 08:53:46.330585,20131102,200
2019-04-30 08:54:00.404728,20131103,200
2019-04-30 08:54:14.472326,20131104,200
2019-04-30 08:54:28.528067,20131105,200
2019-04-30 08:54:42.591399,20131106,200
2019-04-30 08:54:56.643882,20131107,200
2019-04-30 08:55:10.709738,20131108,200
2019-04-30 08:55:24.786067,20131109,200
2019-04-30 08:55:38.849942,20131110,200
2019-04-30 08:55:52.911894,20131111,200
2019-04-30 08:56:07.010048,20131112,200
2019-04-30 08:56:21.088509,20131113,200
2019-04-30 08:56:35.183355,20131114,200
2019-04-30 08:56:49.247783,20131115,200
2019-04-30 08:57:03.307926,20131116,200
2019-04-30 08:57:17.403355,20131117,200
2019-04-30 08:57:31.489348,20131118,200
2019-04-30 08:57:45.560468,20131119,200
2019-04-30 08:57:59.614921,20131120,200
2019-04-30 08:58:13.682766,20131121,200
2019-04-30 08:58:27.764670,20131122,200
2019-04-30 08:58:41.802953,20131123,200
2019-04-30 08:58:55.862208,20131124,200
2019-04-30 08:59:09.921991,20131125,200
2019-04-30 08:59:23.962270,20131126,200
2019-04-30 08:59:37.997578,20131127,200
2019-04-30 08:59:52.077394,20131128,200
2019-04-30 09:00:06.139730,20131129,200
2019-04-30 09:00:20.214775,20131130,200
2019-04-30 09:00:34.305592,20131201,200
2019-04-30 09:00:48.403653,20131202,200
2019-04-30 09:01:02.487977,20131203,200
2019-04-30 09:01:16.544876,20131204,200
2019-04-30 09:01:30.615276,20131205,200
2019-04-30 09:01:44.657568,20131206,200
2019-04-30 09:01:58.713214,20131207,200
2019-04-30 09:02:12.797118,20131208,200
2019-04-30 09:02:26.847416,20131209,200
2019-04-30 09:02:40.914772,20131210,200
2019-04-30 09:02:54.960788,20131211,200
2019-04-30 09:03:09.086833,20131212,200
2019-04-30 09:03:23.167211,20131213,200
2019-04-30 09:03:37.239866,20131214,200
2019-04-30 09:03:51.339085,20131215,200
2019-04-30 09:04:05.420383,20131216,200
2019-04-30 09:04:19.504014,20131217,200
2019-04-30 09:04:33.594207,20131218,200
2019-04-30 09:04:47.669450,20131219,200
2019-04-30 09:05:01.765328,20131220,200
2019-04-30 09:05:15.861168,20131221,200
2019-04-30 09:05:29.962221,20131222,200
2019-04-30 09:05:44.018333,20131223,200
2019-04-30 09:05:58.100816,20131224,200
2019-04-30 09:06:12.164956,20131225,200
2019-04-30 09:06:26.245076,20131226,200
2019-04-30 09:06:40.353871,20131227,200
2019-04-30 09:06:54.441710,20131228,200
2019-04-30 09:07:08.551155,20131229,200
2019-04-30 09:07:22.633755,20131230,200
2019-04-30 09:07:36.797084,20131231,200
2019-04-30 09:07:50.910893,20140101,200
2019-04-30 09:08:05.017041,20140102,200
2019-04-30 09:08:19.102622,20140103,200
2019-04-30 09:08:33.202790,20140104,200
2019-04-30 09:08:47.354561,20140105,200
2019-04-30 09:09:01.488813,20140106,200
2019-04-30 09:09:15.621670,20140107,200
2019-04-30 09:09:29.743357,20140108,200
2019-04-30 09:09:43.896996,20140109,200
2019-04-30 09:09:58.098994,20140110,200
2019-04-30 09:10:12.192935,20140111,200
2019-04-30 09:10:26.320858,20140112,200
2019-04-30 09:10:40.412176,20140113,200
2019-04-30 09:10:54.539997,20140114,200
2019-04-30 09:11:08.638557,20140115,200
2019-04-30 09:11:22.736254,20140116,200
2019-04-30 09:11:36.905185,20140117,200
2019-04-30 09:11:51.060525,20140118,200
2019-04-30 09:12:05.172752,20140119,200
2019-04-30 09:12:19.284968,20140120,200
2019-04-30 09:12:33.406084,20140121,200
2019-04-30 09:12:47.513038,20140122,200
2019-04-30 09:13:01.716765,20140123,200
2019-04-30 09:13:15.865669,20140124,200
2019-04-30 09:13:29.995428,20140125,200
2019-04-30 09:13:44.139556,20140126,200
2019-04-30 09:13:58.315841,20140127,200
2019-04-30 09:14:12.460538,20140128,200
2019-04-30 09:14:26.627454,20140129,200
2019-04-30 09:14:40.807678,20140130,200
2019-04-30 09:14:54.999228,20140131,200
2019-04-30 09:15:09.192209,20140201,200
2019-04-30 09:15:23.370176,20140202,200
2019-04-30 09:15:37.535797,20140203,200
2019-04-30 09:15:51.703676,20140204,200
2019-04-30 09:16:05.881831,20140205,200
2019-04-30 09:16:20.064678,20140206,200
2019-04-30 09:16:34.251230,20140207,200
2019-04-30 09:16:48.457518,20140208,200
2019-04-30 09:17:02.673660,20140209,200
2019-04-30 09:17:16.858997,20140210,200
2019-04-30 09:17:31.047024,20140211,200
2019-04-30 09:17:45.299264,20140212,200
2019-04-30 09:17:59.497648,20140213,200
2019-04-30 09:18:13.712893,20140214,200
2019-04-30 09:18:27.912517,20140215,200
2019-04-30 09:18:42.133512,20140216,200
2019-04-30 09:18:56.350638,20140217,200
2019-04-30 09:19:10.648911,20140218,200
2019-04-30 09:19:24.878893,20140219,200
2019-04-30 09:19:39.177587,20140220,200
2019-04-30 09:19:53.490823,20140221,200
2019-04-30 09:20:07.730615,20140222,200
2019-04-30 09:20:22.052258,20140223,200
2019-04-30 09:20:36.311885,20140224,200
2019-04-30 09:20:50.594540,20140225,200
2019-04-30 09:21:04.882740,20140226,200
2019-04-30 09:21:19.214070,20140227,200
2019-04-30 09:21:33.585368,20140228,200
2019-04-30 09:21:47.849235,20140301,200
2019-04-30 09:22:02.179528,20140302,200
2019-04-30 09:22:16.453396,20140303,200
2019-04-30 09:22:30.789307,20140304,200
2019-04-30 09:22:45.042076,20140305,200
2019-04-30 09:22:59.335222,20140306,200
2019-04-30 09:23:13.635730,20140307,200
2019-04-30 09:23:28.008918,20140308,200
2019-04-30 09:23:42.319836,20140309,200
2019-04-30 09:23:56.693147,20140310,200
2019-04-30 09:24:11.007725,20140311,200
2019-04-30 09:24:25.313867,20140312,200
2019-04-30 09:24:39.684095,20140313,200
2019-04-30 09:24:53.992267,20140314,200
2019-04-30 09:25:08.336547,20140315,200
2019-04-30 09:25:22.965166,20140316,200
2019-04-30 09:25:37.317445,20140317,200
2019-04-30 09:25:51.655210,20140318,200
2019-04-30 09:26:06.048228,20140319,200
2019-04-30 09:26:20.403808,20140320,200
2019-04-30 09:26:34.760825,20140321,200
2019-04-30 09:26:49.180359,20140322,200
2019-04-30 09:27:03.574639,20140323,200
2019-04-30 09:27:18.088479,20140324,200
2019-04-30 09:27:32.455813,20140325,200
2019-04-30 09:27:46.786864,20140326,200
2019-04-30 09:28:01.188417,20140327,200
2019-04-30 09:28:15.694934,20140328,200
2019-04-30 09:28:30.255455,20140329,200
2019-04-30 09:28:44.801167,20140330,200
2019-04-30 09:28:59.557918,20140331,200
2019-04-30 09:29:14.334326,20140401,200
2019-04-30 09:29:28.949604,20140402,200
2019-04-30 09:29:43.653785,20140403,200
2019-04-30 09:29:58.265120,20140404,200
2019-04-30 09:30:12.892461,20140405,200
2019-04-30 09:30:27.427459,20140406,200
2019-04-30 09:30:42.006220,20140407,200
2019-04-30 09:30:56.524150,20140408,200
2019-04-30 09:31:11.188426,20140409,200
2019-04-30 09:31:25.721550,20140410,200
2019-04-30 09:31:40.300773,20140411,200
2019-04-30 09:31:54.923597,20140412,200
2019-04-30 09:32:09.549257,20140413,200
2019-04-30 09:32:24.170509,20140414,200
2019-04-30 09:32:38.886231,20140415,200
2019-04-30 09:32:53.544576,20140416,200
2019-04-30 09:33:08.144190,20140417,200
2019-04-30 09:33:22.788757,20140418,200
2019-04-30 09:33:37.390528,20140419,200
2019-04-30 09:33:52.003151,20140420,200
2019-04-30 09:34:06.601507,20140421,200
2019-04-30 09:34:21.235364,20140422,200
2019-04-30 09:34:35.853508,20140423,200
2019-04-30 09:34:50.471986,20140424,200
2019-04-30 09:35:05.097815,20140425,200
2019-04-30 09:35:19.691758,20140426,200
2019-04-30 09:35:34.371535,20140427,200
2019-04-30 09:35:49.000941,20140428,200
2019-04-30 09:36:03.739978,20140429,200
2019-04-30 09:36:18.527149,20140430,200
2019-04-30 09:36:33.130330,20140501,200
2019-04-30 09:36:47.924786,20140502,200
2019-04-30 09:37:02.593884,20140503,200
2019-04-30 09:37:17.320256,20140504,200
2019-04-30 09:37:32.003547,20140505,200
2019-04-30 09:37:47.158451,20140506,200
2019-04-30 09:38:01.885066,20140507,200
2019-04-30 09:38:16.575919,20140508,200
2019-04-30 09:38:31.221080,20140509,200
2019-04-30 09:38:45.880521,20140510,200
2019-04-30 09:39:00.472968,20140511,200
2019-04-30 09:39:15.181291,20140512,200
2019-04-30 09:39:29.885026,20140513,200
2019-04-30 09:39:44.566674,20140514,200
2019-04-30 09:39:59.309387,20140515,200
2019-04-30 09:40:13.921864,20140516,200
2019-04-30 09:40:28.677206,20140517,200
2019-04-30 09:40:43.276065,20140518,200
2019-04-30 09:40:57.856761,20140519,200
2019-04-30 09:41:12.467358,20140520,200
2019-04-30 09:41:27.124658,20140521,200
2019-04-30 09:41:41.762877,20140522,200
2019-04-30 09:41:56.521330,20140523,200
2019-04-30 09:42:11.309358,20140524,200
2019-04-30 09:42:25.974132,20140525,200
2019-04-30 09:42:40.700453,20140526,200
2019-04-30 09:42:55.339664,20140527,200
2019-04-30 09:43:10.029737,20140528,200
2019-04-30 09:43:24.673649,20140529,200
2019-04-30 09:43:39.345347,20140530,200
2019-04-30 09:43:54.119041,20140531,200
2019-04-30 09:44:08.847317,20140601,200
2019-04-30 09:44:23.531433,20140602,200
2019-04-30 09:44:38.217502,20140603,200
2019-04-30 09:44:52.916100,20140604,200
2019-04-30 09:45:07.694302,20140605,200
2019-04-30 09:45:22.749943,20140606,200
2019-04-30 09:45:37.394129,20140607,200
2019-04-30 09:45:52.125375,20140608,200
2019-04-30 09:46:06.850503,20140609,200
2019-04-30 09:46:21.653555,20140610,200
2019-04-30 09:46:36.354955,20140611,200
2019-04-30 09:46:51.008345,20140612,200
2019-04-30 09:47:05.678640,20140613,200
2019-04-30 09:47:20.356997,20140614,200
2019-04-30 09:47:35.159201,20140615,200
2019-04-30 09:47:49.898281,20140616,200
2019-04-30 09:48:04.662129,20140617,200
2019-04-30 09:48:19.416787,20140618,200
2019-04-30 09:48:34.155157,20140619,200
2019-04-30 09:48:49.125307,20140620,200
2019-04-30 09:49:03.863465,20140621,200
2019-04-30 09:49:18.711908,20140622,200
2019-04-30 09:49:33.766517,20140623,200
2019-04-30 09:49:48.577588,20140624,200
2019-04-30 09:50:03.377593,20140625,200
2019-04-30 09:50:18.108694,20140626,200
2019-04-30 09:50:32.833376,20140627,200
2019-04-30 09:50:47.493194,20140628,200
2019-04-30 09:51:02.206563,20140629,200
2019-04-30 09:51:16.934111,20140630,200
2019-04-30 09:51:31.653756,20140701,200
2019-04-30 09:51:46.379018,20140702,200
2019-04-30 09:52:01.209369,20140703,200
2019-04-30 09:52:15.891185,20140704,200
2019-04-30 09:52:30.732379,20140705,200
2019-04-30 09:52:45.509660,20140706,200
2019-04-30 09:53:00.246457,20140707,200
2019-04-30 09:53:15.022797,20140708,200
2019-04-30 09:53:29.752435,20140709,200
2019-04-30 09:53:44.414336,20140710,200
2019-04-30 09:53:59.226342,20140711,200
2019-04-30 09:54:14.066792,20140712,200
2019-04-30 09:54:28.914590,20140713,200
2019-04-30 09:54:43.790820,20140714,200
2019-04-30 09:54:58.777758,20140715,200
2019-04-30 09:55:13.713209,20140716,200
2019-04-30 09:55:28.583310,20140717,200
2019-04-30 09:55:43.483337,20140718,200
2019-04-30 09:55:58.282313,20140719,200
2019-04-30 09:56:13.036040,20140720,200
2019-04-30 09:56:27.933140,20140721,200
2019-04-30 09:56:42.723884,20140722,200
2019-04-30 09:56:57.424521,20140723,200
2019-04-30 09:57:12.237865,20140724,200
2019-04-30 09:57:26.938189,20140725,200
2019-04-30 09:57:41.678311,20140726,200
2019-04-30 09:57:56.510217,20140727,200
2019-04-30 09:58:11.227092,20140728,200
2019-04-30 09:58:26.697163,20140729,200
2019-04-30 09:58:41.658527,20140730,200
2019-04-30 09:58:56.363590,20140731,200
2019-04-30 09:59:11.203242,20140801,200
2019-04-30 09:59:26.460766,20140802,200
2019-04-30 09:59:41.621367,20140803,200
2019-04-30 09:59:57.912390,20140804,200
2019-04-30 10:00:13.022492,20140805,200
2019-04-30 10:00:28.031447,20140806,200
2019-04-30 10:00:43.306251,20140807,200
2019-04-30 10:00:58.383332,20140808,200
2019-04-30 10:01:13.466926,20140809,200
2019-04-30 10:01:28.384605,20140810,200
2019-04-30 10:01:43.281256,20140811,200
2019-04-30 10:01:58.147559,20140812,200
2019-04-30 10:02:12.998800,20140813,200
2019-04-30 10:02:27.801848,20140814,200
2019-04-30 10:02:42.627407,20140815,200
2019-04-30 10:02:57.528402,20140816,200
2019-04-30 10:03:12.365573,20140817,200
2019-04-30 10:03:27.128846,20140818,200
2019-04-30 10:03:41.985483,20140819,200
2019-04-30 10:03:56.802573,20140820,200
2019-04-30 10:04:11.596811,20140821,200
2019-04-30 10:04:26.544798,20140822,200
2019-04-30 10:04:41.367677,20140823,200
2019-04-30 10:04:56.205015,20140824,200
2019-04-30 10:05:11.119815,20140825,200
2019-04-30 10:05:25.967500,20140826,200
2019-04-30 10:05:40.842389,20140827,200
2019-04-30 10:05:55.659257,20140828,200
2019-04-30 10:06:10.509389,20140829,200
2019-04-30 10:06:25.390975,20140830,200
2019-04-30 10:06:40.174105,20140831,200
2019-04-30 10:06:55.156229,20140901,200
2019-04-30 10:07:10.069595,20140902,200
2019-04-30 10:07:25.389655,20140903,200
2019-04-30 10:07:40.236680,20140904,200
2019-04-30 10:07:55.253906,20140905,200
2019-04-30 10:08:10.124543,20140906,200
2019-04-30 10:08:24.964477,20140907,200
2019-04-30 10:08:39.785698,20140908,200
2019-04-30 10:08:54.641366,20140909,200
2019-04-30 10:09:09.466560,20140910,200
2019-04-30 10:09:24.327275,20140911,200
2019-04-30 10:09:39.174943,20140912,200
2019-04-30 10:09:54.056936,20140913,200
2019-04-30 10:10:09.021714,20140914,200
2019-04-30 10:10:23.934889,20140915,200
2019-04-30 10:10:38.955142,20140916,200
2019-04-30 10:10:53.882884,20140917,200
2019-04-30 10:11:08.847054,20140918,200
2019-04-30 10:11:23.943301,20140919,200
2019-04-30 10:11:38.770056,20140920,200
2019-04-30 10:11:53.778902,20140921,200
2019-04-30 10:12:08.759495,20140922,200
2019-04-30 10:12:23.755692,20140923,200
2019-04-30 10:12:38.711856,20140924,200
2019-04-30 10:12:53.512216,20140925,200
2019-04-30 10:13:08.436596,20140926,200
2019-04-30 10:13:23.399105,20140927,200
2019-04-30 10:13:38.370296,20140928,200
2019-04-30 10:13:53.274887,20140929,200
2019-04-30 10:14:08.219537,20140930,200
2019-04-30 10:14:23.133165,20141001,200
2019-04-30 10:14:38.062631,20141002,200
2019-04-30 10:14:52.852751,20141003,200
2019-04-30 10:15:07.810660,20141004,200
2019-04-30 10:15:22.994098,20141005,200
2019-04-30 10:15:37.889215,20141006,200
2019-04-30 10:15:52.763456,20141007,200
2019-04-30 10:16:07.688397,20141008,200
2019-04-30 10:16:22.483018,20141009,200
2019-04-30 10:16:37.472011,20141010,200
2019-04-30 10:16:52.305219,20141011,200
2019-04-30 10:17:07.162878,20141012,200
2019-04-30 10:17:22.060920,20141013,200
2019-04-30 10:17:37.034257,20141014,200
2019-04-30 10:17:52.153470,20141015,200
2019-04-30 10:18:07.291754,20141016,200
2019-04-30 10:18:22.150872,20141017,200
2019-04-30 10:18:36.923861,20141018,200
2019-04-30 10:18:51.764771,20141019,200
2019-04-30 10:19:06.526644,20141020,200
2019-04-30 10:19:21.294604,20141021,200
2019-04-30 10:19:36.060084,20141022,200
2019-04-30 10:19:50.850575,20141023,200
2019-04-30 10:20:05.610861,20141024,200
2019-04-30 10:20:20.438463,20141025,200
2019-04-30 10:20:35.195837,20141026,200
2019-04-30 10:20:49.899105,20141027,200
2019-04-30 10:21:04.713148,20141028,200
2019-04-30 10:21:19.486989,20141029,200
2019-04-30 10:21:34.408645,20141030,200
2019-04-30 10:21:49.126397,20141031,200
2019-04-30 10:22:03.865912,20141101,200
2019-04-30 10:22:18.614261,20141102,200
2019-04-30 10:22:33.394629,20141103,200
2019-04-30 10:22:48.150642,20141104,200
2019-04-30 10:23:02.853142,20141105,200
2019-04-30 10:23:17.601860,20141106,200
2019-04-30 10:23:32.349874,20141107,200
2019-04-30 10:23:47.043448,20141108,200
2019-04-30 10:24:01.907585,20141109,200
2019-04-30 10:24:16.687420,20141110,200
2019-04-30 10:24:31.423273,20141111,200
2019-04-30 10:24:46.130753,20141112,200
2019-04-30 10:25:00.861028,20141113,200
2019-04-30 10:25:15.803301,20141114,200
2019-04-30 10:25:30.799658,20141115,200
2019-04-30 10:25:45.876503,20141116,200
2019-04-30 10:26:00.813713,20141117,200
2019-04-30 10:26:15.537822,20141118,200
2019-04-30 10:26:30.373732,20141119,200
2019-04-30 10:26:45.122517,20141120,200
2019-04-30 10:26:59.871035,20141121,200
2019-04-30 10:27:14.683214,20141122,200
2019-04-30 10:27:29.505718,20141123,200
2019-04-30 10:27:44.345248,20141124,200
2019-04-30 10:27:59.075187,20141125,200
2019-04-30 10:28:13.865350,20141126,200
2019-04-30 10:28:28.734054,20141127,200
2019-04-30 10:28:43.501052,20141128,200
2019-04-30 10:28:58.291124,20141129,200
2019-04-30 10:29:13.176324,20141130,200
2019-04-30 10:29:27.892357,20141201,200
2019-04-30 10:29:42.868077,20141202,200
2019-04-30 10:29:57.688147,20141203,200
2019-04-30 10:30:12.460754,20141204,200
2019-04-30 10:30:27.234328,20141205,200
2019-04-30 10:30:42.009255,20141206,200
2019-04-30 10:30:56.895908,20141207,200
2019-04-30 10:31:11.672995,20141208,200
2019-04-30 10:31:26.401173,20141209,200
2019-04-30 10:31:41.111412,20141210,200
2019-04-30 10:31:55.781662,20141211,200
2019-04-30 10:32:10.449028,20141212,200
2019-04-30 10:32:25.202323,20141213,200
2019-04-30 10:32:39.901220,20141214,200
2019-04-30 10:32:54.661609,20141215,200
2019-04-30 10:33:09.373497,20141216,200
2019-04-30 10:33:24.169715,20141217,200
2019-04-30 10:33:38.868159,20141218,200
2019-04-30 10:33:53.587456,20141219,200
2019-04-30 10:34:08.410438,20141220,200
2019-04-30 10:34:23.141948,20141221,200
2019-04-30 10:34:38.043961,20141222,200
2019-04-30 10:34:52.790339,20141223,200
2019-04-30 10:35:07.534345,20141224,200
2019-04-30 10:35:22.566944,20141225,200
2019-04-30 10:35:37.296818,20141226,200
2019-04-30 10:35:51.941412,20141227,200
2019-04-30 10:36:06.673376,20141228,200
2019-04-30 10:36:21.395198,20141229,200
2019-04-30 10:36:36.155062,20141230,200
2019-04-30 10:36:51.122293,20141231,200
2019-04-30 10:37:06.507894,20150101,200
2019-04-30 10:37:21.448240,20150102,200
2019-04-30 10:37:36.243802,20150103,200
2019-04-30 10:37:51.104995,20150104,200
2019-04-30 10:38:05.966078,20150105,200
2019-04-30 10:38:20.779900,20150106,200
2019-04-30 10:38:35.478343,20150107,200
2019-04-30 10:38:50.214202,20150108,200
2019-04-30 10:39:05.065991,20150109,200
2019-04-30 10:39:19.833205,20150110,200
2019-04-30 10:39:34.667839,20150111,200
2019-04-30 10:39:49.423005,20150112,200
2019-04-30 10:40:04.177047,20150113,200
2019-04-30 10:40:18.960750,20150114,200
2019-04-30 10:40:33.771480,20150115,200
2019-04-30 10:40:48.621477,20150116,200
2019-04-30 10:41:03.681267,20150117,200
2019-04-30 10:41:18.529740,20150118,200
2019-04-30 10:41:33.327652,20150119,200
2019-04-30 10:41:48.163379,20150120,200
2019-04-30 10:42:02.983083,20150121,200
2019-04-30 10:42:17.938722,20150122,200
2019-04-30 10:42:32.768621,20150123,200
2019-04-30 10:42:47.582923,20150124,200
2019-04-30 10:43:02.404516,20150125,200
2019-04-30 10:43:17.336285,20150126,200
2019-04-30 10:43:32.197813,20150127,200
2019-04-30 10:43:46.981488,20150128,200
2019-04-30 10:44:01.880414,20150129,200
2019-04-30 10:44:16.823724,20150130,200
2019-04-30 10:44:31.645153,20150131,200
2019-04-30 10:44:46.504930,20150201,200
2019-04-30 10:45:01.447227,20150202,200
2019-04-30 10:45:16.303939,20150203,200
2019-04-30 10:45:31.127889,20150204,200
2019-04-30 10:45:45.932775,20150205,200
2019-04-30 10:46:00.870499,20150206,200
2019-04-30 10:46:15.722753,20150207,200
2019-04-30 10:46:30.566098,20150208,200
2019-04-30 10:46:45.498105,20150209,200
2019-04-30 10:47:00.548180,20150210,200
2019-04-30 10:47:15.435050,20150211,200
2019-04-30 10:47:30.580567,20150212,200
2019-04-30 10:47:45.520045,20150213,200
2019-04-30 10:48:00.376959,20150214,200
2019-04-30 10:48:15.316127,20150215,200
2019-04-30 10:48:30.256493,20150216,200
2019-04-30 10:48:45.196463,20150217,200
2019-04-30 10:49:00.232457,20150218,200
2019-04-30 10:49:15.199241,20150219,200
2019-04-30 10:49:30.183390,20150220,200
2019-04-30 10:49:45.267591,20150221,200
2019-04-30 10:50:00.273639,20150222,200
2019-04-30 10:50:15.336763,20150223,200
2019-04-30 10:50:30.308669,20150224,200
2019-04-30 10:50:45.354961,20150225,200
2019-04-30 10:51:00.345238,20150226,200
2019-04-30 10:51:15.458429,20150227,200
2019-04-30 10:51:30.513899,20150228,200
2019-04-30 10:51:45.539783,20150301,200
2019-04-30 10:52:00.554494,20150302,200
2019-04-30 10:52:15.623001,20150303,200
2019-04-30 10:52:30.874347,20150304,200
2019-04-30 10:52:46.214112,20150305,200
2019-04-30 10:53:01.256359,20150306,200
2019-04-30 10:53:16.288577,20150307,200
2019-04-30 10:53:31.366441,20150308,200
2019-04-30 10:53:46.569636,20150309,200
2019-04-30 10:54:01.666108,20150310,200
2019-04-30 10:54:16.831383,20150311,200
2019-04-30 10:54:31.950491,20150312,200
2019-04-30 10:54:47.134161,20150313,200
2019-04-30 10:55:02.208562,20150314,200
2019-04-30 10:55:17.323129,20150315,200
2019-04-30 10:55:32.555754,20150316,200
2019-04-30 10:55:47.719998,20150317,200
2019-04-30 10:56:02.913575,20150318,200
2019-04-30 10:56:18.027915,20150319,200
2019-04-30 10:56:33.171715,20150320,200
2019-04-30 10:56:48.329625,20150321,200
2019-04-30 10:57:03.524195,20150322,200
2019-04-30 10:57:18.747049,20150323,200
2019-04-30 10:57:33.951037,20150324,200
2019-04-30 10:57:49.155843,20150325,200
2019-04-30 10:58:04.344352,20150326,200
2019-04-30 10:58:19.545084,20150327,200
2019-04-30 10:58:34.830456,20150328,200
2019-04-30 10:58:50.106395,20150329,200
2019-04-30 10:59:05.415313,20150330,200
2019-04-30 10:59:20.756083,20150331,200
2019-04-30 10:59:35.993278,20150401,200
2019-04-30 10:59:51.377037,20150402,200
2019-04-30 11:00:06.553311,20150403,200
2019-04-30 11:00:21.844683,20150404,200
2019-04-30 11:00:37.088539,20150405,200
2019-04-30 11:00:52.465966,20150406,200
2019-04-30 11:01:07.698696,20150407,200
2019-04-30 11:01:22.891066,20150408,200
2019-04-30 11:01:38.140476,20150409,200
2019-04-30 11:01:53.337366,20150410,200
2019-04-30 11:02:08.687977,20150411,200
2019-04-30 11:02:23.889665,20150412,200
2019-04-30 11:02:39.079324,20150413,200
2019-04-30 11:02:54.337918,20150414,200
2019-04-30 11:03:09.649578,20150415,200
2019-04-30 11:03:24.917672,20150416,200
2019-04-30 11:03:40.199026,20150417,200
2019-04-30 11:03:55.486077,20150418,200
2019-04-30 11:04:10.686341,20150419,200
2019-04-30 11:04:25.892483,20150420,200
2019-04-30 11:04:41.134979,20150421,200
2019-04-30 11:04:56.405003,20150422,200
2019-04-30 11:05:11.761128,20150423,200
2019-04-30 11:05:27.150258,20150424,200
2019-04-30 11:05:42.422197,20150425,200
2019-04-30 11:05:57.795059,20150426,200
2019-04-30 11:06:13.146445,20150427,200
2019-04-30 11:06:28.576019,20150428,200
2019-04-30 11:06:43.882914,20150429,200
2019-04-30 11:06:59.166105,20150430,200
2019-04-30 11:07:14.472135,20150501,200
2019-04-30 11:07:29.762593,20150502,200
2019-04-30 11:07:45.036449,20150503,200
2019-04-30 11:08:00.422665,20150504,200
2019-04-30 11:08:15.764129,20150505,200
2019-04-30 11:08:31.070276,20150506,200
2019-04-30 11:08:46.379517,20150507,200
2019-04-30 11:09:01.687448,20150508,200
2019-04-30 11:09:17.064439,20150509,200
2019-04-30 11:09:32.434456,20150510,200
2019-04-30 11:09:47.939861,20150511,200
2019-04-30 11:10:03.220752,20150512,200
2019-04-30 11:10:18.501771,20150513,200
2019-04-30 11:10:33.865090,20150514,200
2019-04-30 11:10:49.264739,20150515,200
2019-04-30 11:11:04.595510,20150516,200
2019-04-30 11:11:19.929930,20150517,200
2019-04-30 11:11:35.253497,20150518,200
2019-04-30 11:11:50.637720,20150519,200
2019-04-30 11:12:05.968282,20150520,200
2019-04-30 11:12:21.329670,20150521,200
2019-04-30 11:12:36.728089,20150522,200
2019-04-30 11:12:52.205237,20150523,200
2019-04-30 11:13:07.541460,20150524,200
2019-04-30 11:13:23.176560,20150525,200
2019-04-30 11:13:38.770024,20150526,200
2019-04-30 11:13:54.348115,20150527,200
2019-04-30 11:14:09.826360,20150528,200
2019-04-30 11:14:25.293538,20150529,200
2019-04-30 11:14:40.819952,20150530,200
2019-04-30 11:14:56.249166,20150531,200
2019-04-30 11:15:11.829188,20150601,200
2019-04-30 11:15:27.565131,20150602,200
2019-04-30 11:15:43.090065,20150603,200
2019-04-30 11:15:58.658223,20150604,200
2019-04-30 11:16:14.199941,20150605,200
2019-04-30 11:16:29.713591,20150606,200
2019-04-30 11:16:45.222474,20150607,200
2019-04-30 11:17:00.728061,20150608,200
2019-04-30 11:17:16.369862,20150609,200
2019-04-30 11:17:31.993173,20150610,200
2019-04-30 11:17:47.736066,20150611,200
2019-04-30 11:18:03.344624,20150612,200
2019-04-30 11:18:19.005248,20150613,200
2019-04-30 11:18:34.514411,20150614,200
2019-04-30 11:18:49.969490,20150615,200
2019-04-30 11:19:05.366655,20150616,200
2019-04-30 11:19:20.795215,20150617,200
2019-04-30 11:19:36.343809,20150618,200
2019-04-30 11:19:51.742637,20150619,200
2019-04-30 11:20:07.176275,20150620,200
2019-04-30 11:20:22.953826,20150621,200
2019-04-30 11:20:38.385911,20150622,200
2019-04-30 11:20:53.900601,20150623,200
2019-04-30 11:21:09.342189,20150624,200
2019-04-30 11:21:24.832292,20150625,200
2019-04-30 11:21:40.307645,20150626,200
2019-04-30 11:21:55.792346,20150627,200
2019-04-30 11:22:11.225603,20150628,200
2019-04-30 11:22:26.690636,20150629,200
2019-04-30 11:22:42.131431,20150630,200
2019-04-30 11:22:57.626470,20150701,200
2019-04-30 11:23:13.196908,20150702,200
2019-04-30 11:23:28.721942,20150703,200
2019-04-30 11:23:44.276515,20150704,200
2019-04-30 11:23:59.809961,20150705,200
2019-04-30 11:24:15.425806,20150706,200
2019-04-30 11:24:30.942799,20150707,200
2019-04-30 11:24:46.486279,20150708,200
2019-04-30 11:25:01.989540,20150709,200
2019-04-30 11:25:17.572348,20150710,200
2019-04-30 11:25:33.147548,20150711,200
2019-04-30 11:25:48.788293,20150712,200
2019-04-30 11:26:04.402787,20150713,200
2019-04-30 11:26:20.062439,20150714,200
2019-04-30 11:26:35.653015,20150715,200
2019-04-30 11:26:51.114307,20150716,200
2019-04-30 11:27:06.598319,20150717,200
2019-04-30 11:27:22.155091,20150718,200
2019-04-30 11:27:37.632475,20150719,200
2019-04-30 11:27:53.140090,20150720,200
2019-04-30 11:28:08.864417,20150721,200
2019-04-30 11:28:24.816013,20150722,200
2019-04-30 11:28:40.376750,20150723,200
2019-04-30 11:28:55.890829,20150724,200
2019-04-30 11:29:11.351389,20150725,200
2019-04-30 11:29:26.872499,20150726,200
2019-04-30 11:29:42.439368,20150727,200
2019-04-30 11:29:58.063664,20150728,200
2019-04-30 11:30:13.641559,20150729,200
2019-04-30 11:30:29.185581,20150730,200
2019-04-30 11:30:44.729842,20150731,200
2019-04-30 11:31:00.219270,20150801,200
2019-04-30 11:31:15.910040,20150802,200
2019-04-30 11:31:31.519473,20150803,200
2019-04-30 11:31:47.030010,20150804,200
2019-04-30 11:32:02.517136,20150805,200
2019-04-30 11:32:18.086666,20150806,200
2019-04-30 11:32:33.692292,20150807,200
2019-04-30 11:32:49.244467,20150808,200
2019-04-30 11:33:04.713541,20150809,200
2019-04-30 11:33:20.277910,20150810,200
2019-04-30 11:33:35.729382,20150811,200
2019-04-30 11:33:51.441722,20150812,200
2019-04-30 11:34:06.935888,20150813,200
2019-04-30 11:34:22.593110,20150814,200
2019-04-30 11:34:38.292909,20150815,200
2019-04-30 11:34:54.018080,20150816,200
2019-04-30 11:35:09.760855,20150817,200
2019-04-30 11:35:25.596143,20150818,200
2019-04-30 11:35:41.385893,20150819,200
2019-04-30 11:35:57.248304,20150820,200
2019-04-30 11:36:13.092666,20150821,200
2019-04-30 11:36:28.852538,20150822,200
2019-04-30 11:36:44.515990,20150823,200
2019-04-30 11:37:00.213871,20150824,200
2019-04-30 11:37:15.903916,20150825,200
2019-04-30 11:37:31.629253,20150826,200
2019-04-30 11:37:47.377633,20150827,200
2019-04-30 11:38:03.122207,20150828,200
2019-04-30 11:38:18.964110,20150829,200
2019-04-30 11:38:34.771180,20150830,200
2019-04-30 11:38:50.495992,20150831,200
2019-04-30 11:39:06.166452,20150901,200
2019-04-30 11:39:22.131493,20150902,200
2019-04-30 11:39:37.752662,20150903,200
2019-04-30 11:39:53.477922,20150904,200
2019-04-30 11:40:09.289785,20150905,200
2019-04-30 11:40:25.096583,20150906,200
2019-04-30 11:40:40.929941,20150907,200
2019-04-30 11:40:56.670374,20150908,200
2019-04-30 11:41:12.466414,20150909,200
2019-04-30 11:41:28.126768,20150910,200
2019-04-30 11:41:43.799011,20150911,200
2019-04-30 11:41:59.597887,20150912,200
2019-04-30 11:42:15.213794,20150913,200
2019-04-30 11:42:30.904230,20150914,200
2019-04-30 11:42:46.569384,20150915,200
2019-04-30 11:43:02.375211,20150916,200
2019-04-30 11:43:18.248185,20150917,200
2019-04-30 11:43:34.156968,20150918,200
2019-04-30 11:43:49.858641,20150919,200
2019-04-30 11:44:05.776209,20150920,200
2019-04-30 11:44:21.415048,20150921,200
2019-04-30 11:44:37.277669,20150922,200
2019-04-30 11:44:52.954511,20150923,200
2019-04-30 11:45:08.707951,20150924,200
2019-04-30 11:45:24.517534,20150925,200
2019-04-30 11:45:40.132162,20150926,200
2019-04-30 11:45:55.899804,20150927,200
2019-04-30 11:46:11.508062,20150928,200
2019-04-30 11:46:27.116358,20150929,200
2019-04-30 11:46:42.780825,20150930,200
2019-04-30 11:46:58.481240,20151001,200
2019-04-30 11:47:14.361605,20151002,200
2019-04-30 11:47:30.027718,20151003,200
2019-04-30 11:47:45.751115,20151004,200
2019-04-30 11:48:01.362267,20151005,200
2019-04-30 11:48:16.956150,20151006,200
2019-04-30 11:48:32.670350,20151007,200
2019-04-30 11:48:48.281734,20151008,200
2019-04-30 11:49:03.832848,20151009,200
2019-04-30 11:49:19.409777,20151010,200
2019-04-30 11:49:35.024891,20151011,200
2019-04-30 11:49:50.485809,20151012,200
2019-04-30 11:50:06.166420,20151013,200
2019-04-30 11:50:21.908488,20151014,200
2019-04-30 11:50:37.506941,20151015,200
2019-04-30 11:50:53.177117,20151016,200
2019-04-30 11:51:08.802151,20151017,200
2019-04-30 11:51:24.476091,20151018,200
2019-04-30 11:51:40.181205,20151019,200
2019-04-30 11:51:55.754935,20151020,200
2019-04-30 11:52:11.250754,20151021,200
2019-04-30 11:52:26.935802,20151022,200
2019-04-30 11:52:42.542545,20151023,200
2019-04-30 11:52:58.039545,20151024,200
2019-04-30 11:53:13.618438,20151025,200
2019-04-30 11:53:28.974398,20151026,200
2019-04-30 11:53:44.445274,20151027,200
2019-04-30 11:53:59.824231,20151028,200
2019-04-30 11:54:15.318031,20151029,200
2019-04-30 11:54:30.718720,20151030,200
2019-04-30 11:54:46.118009,20151031,200
2019-04-30 11:55:01.504846,20151101,200
2019-04-30 11:55:16.905090,20151102,200
2019-04-30 11:55:32.386422,20151103,200
2019-04-30 11:55:47.869020,20151104,200
2019-04-30 11:56:03.308332,20151105,200
2019-04-30 11:56:18.705514,20151106,200
2019-04-30 11:56:34.025483,20151107,200
2019-04-30 11:56:49.404228,20151108,200
2019-04-30 11:57:04.786450,20151109,200
2019-04-30 11:57:20.141847,20151110,200
2019-04-30 11:57:35.507237,20151111,200
2019-04-30 11:57:50.794839,20151112,200
2019-04-30 11:58:06.128840,20151113,200
2019-04-30 11:58:21.355300,20151114,200
2019-04-30 11:58:36.670009,20151115,200
2019-04-30 11:58:51.958067,20151116,200
2019-04-30 11:59:07.277802,20151117,200
2019-04-30 11:59:22.533297,20151118,200
2019-04-30 11:59:37.891502,20151119,200
2019-04-30 11:59:53.181408,20151120,200
2019-04-30 12:00:08.593133,20151121,200
2019-04-30 12:00:23.849049,20151122,200
2019-04-30 12:00:39.136756,20151123,200
2019-04-30 12:00:54.427654,20151124,200
2019-04-30 12:01:09.823136,20151125,200
2019-04-30 12:01:25.116486,20151126,200
2019-04-30 12:01:40.488266,20151127,200
2019-04-30 12:01:55.862228,20151128,200
2019-04-30 12:02:11.260440,20151129,200
2019-04-30 12:02:26.628669,20151130,200
2019-04-30 12:02:41.915445,20151201,200
2019-04-30 12:02:57.332157,20151202,200
2019-04-30 12:03:12.534253,20151203,200
2019-04-30 12:03:27.847093,20151204,200
2019-04-30 12:03:43.127256,20151205,200
2019-04-30 12:03:58.434868,20151206,200
2019-04-30 12:04:13.608417,20151207,200
2019-04-30 12:04:28.862859,20151208,200
2019-04-30 12:04:44.160999,20151209,200
2019-04-30 12:04:59.410315,20151210,200
2019-04-30 12:05:14.607289,20151211,200
2019-04-30 12:05:29.802486,20151212,200
2019-04-30 12:05:45.169364,20151213,200
2019-04-30 12:06:00.472434,20151214,200
2019-04-30 12:06:15.657307,20151215,200
2019-04-30 12:06:30.833201,20151216,200
2019-04-30 12:06:46.158074,20151217,200
2019-04-30 12:07:01.513547,20151218,200
2019-04-30 12:07:16.781179,20151219,200
2019-04-30 12:07:32.127154,20151220,200
2019-04-30 12:07:47.453529,20151221,200
2019-04-30 12:08:02.738449,20151222,200
2019-04-30 12:08:18.030315,20151223,200
2019-04-30 12:08:33.227002,20151224,200
2019-04-30 12:08:48.437085,20151225,200
2019-04-30 12:09:03.638548,20151226,200
2019-04-30 12:09:18.862133,20151227,200
2019-04-30 12:09:34.126633,20151228,200
2019-04-30 12:09:49.451120,20151229,200
2019-04-30 12:10:04.770251,20151230,200
2019-04-30 12:10:20.088275,20151231,200
2019-04-30 12:10:35.372143,20160101,200
2019-04-30 12:10:50.653727,20160102,200
2019-04-30 12:11:06.061650,20160103,200
2019-04-30 12:11:21.311485,20160104,200
2019-04-30 12:11:36.620843,20160105,200
2019-04-30 12:11:51.825106,20160106,200
2019-04-30 12:12:07.106812,20160107,200
2019-04-30 12:12:22.444132,20160108,200
2019-04-30 12:12:37.736865,20160109,200
2019-04-30 12:12:53.150407,20160110,200
2019-04-30 12:13:08.396062,20160111,200
2019-04-30 12:13:23.821991,20160112,200
2019-04-30 12:13:39.194949,20160113,200
2019-04-30 12:13:54.440240,20160114,200
2019-04-30 12:14:09.778626,20160115,200
2019-04-30 12:14:25.106147,20160116,200
2019-04-30 12:14:40.480196,20160117,200
2019-04-30 12:14:55.891441,20160118,200
2019-04-30 12:15:11.237250,20160119,200
2019-04-30 12:15:26.580640,20160120,200
2019-04-30 12:15:41.900463,20160121,200
2019-04-30 12:15:57.222203,20160122,200
2019-04-30 12:16:12.531701,20160123,200
2019-04-30 12:16:28.027307,20160124,200
2019-04-30 12:16:43.455058,20160125,200
2019-04-30 12:16:58.954364,20160126,200
2019-04-30 12:17:14.305379,20160127,200
2019-04-30 12:17:29.782407,20160128,200
2019-04-30 12:17:45.292492,20160129,200
2019-04-30 12:18:00.831793,20160130,200
2019-04-30 12:18:16.390352,20160131,200
2019-04-30 12:18:31.822494,20160201,200
2019-04-30 12:18:47.340283,20160202,200
2019-04-30 12:19:02.748121,20160203,200
2019-04-30 12:19:18.144441,20160204,200
2019-04-30 12:19:33.793994,20160205,200
2019-04-30 12:19:49.359162,20160206,200
2019-04-30 12:20:04.913122,20160207,200
2019-04-30 12:20:20.469942,20160208,200
2019-04-30 12:20:35.997003,20160209,200
2019-04-30 12:20:51.489575,20160210,200
2019-04-30 12:21:06.981042,20160211,200
2019-04-30 12:21:22.433251,20160212,200
2019-04-30 12:21:38.007906,20160213,200
2019-04-30 12:21:53.675419,20160214,200
2019-04-30 12:22:09.323245,20160215,200
2019-04-30 12:22:24.990269,20160216,200
2019-04-30 12:22:40.573195,20160217,200
2019-04-30 12:22:56.298382,20160218,200
2019-04-30 12:23:11.934853,20160219,200
2019-04-30 12:23:27.501320,20160220,200
2019-04-30 12:23:43.259433,20160221,200
2019-04-30 12:23:58.953630,20160222,200
2019-04-30 12:24:14.684570,20160223,200
2019-04-30 12:24:30.326671,20160224,200
2019-04-30 12:24:46.034644,20160225,200
2019-04-30 12:25:01.817116,20160226,200
2019-04-30 12:25:17.452185,20160227,200
2019-04-30 12:25:33.253259,20160228,200
2019-04-30 12:25:49.043798,20160229,200
2019-04-30 12:26:04.798887,20160301,200
2019-04-30 12:26:20.613426,20160302,200
2019-04-30 12:26:36.455192,20160303,200
2019-04-30 12:26:52.388278,20160304,200
2019-04-30 12:27:08.251564,20160305,200
2019-04-30 12:27:24.240340,20160306,200
2019-04-30 12:27:40.002230,20160307,200
2019-04-30 12:27:55.945928,20160308,200
2019-04-30 12:28:11.864880,20160309,200
2019-04-30 12:28:27.700256,20160310,200
2019-04-30 12:28:43.491387,20160311,200
2019-04-30 12:28:59.536999,20160312,200
2019-04-30 12:29:15.494028,20160313,200
2019-04-30 12:29:31.399232,20160314,200
2019-04-30 12:29:47.478548,20160315,200
2019-04-30 12:30:03.419568,20160316,200
2019-04-30 12:30:19.306799,20160317,200
2019-04-30 12:30:35.306407,20160318,200
2019-04-30 12:30:51.312870,20160319,200
2019-04-30 12:31:07.414413,20160320,200
2019-04-30 12:31:23.513003,20160321,200
2019-04-30 12:31:39.572008,20160322,200
2019-04-30 12:31:55.711282,20160323,200
2019-04-30 12:32:11.731758,20160324,200
2019-04-30 12:32:27.887200,20160325,200
2019-04-30 12:32:43.876945,20160326,200
2019-04-30 12:33:00.135842,20160327,200
2019-04-30 12:33:16.151913,20160328,200
2019-04-30 12:33:32.219580,20160329,200
2019-04-30 12:33:48.280846,20160330,200
2019-04-30 12:34:04.119457,20160331,200
2019-04-30 12:34:20.301061,20160401,200
2019-04-30 12:34:36.257290,20160402,200
2019-04-30 12:34:52.411590,20160403,200
2019-04-30 12:35:08.347034,20160404,200
2019-04-30 12:35:24.202802,20160405,200
2019-04-30 12:35:40.143569,20160406,200
2019-04-30 12:35:56.015907,20160407,200
2019-04-30 12:36:11.877283,20160408,200
2019-04-30 12:36:27.725768,20160409,200
2019-04-30 12:36:43.621773,20160410,200
2019-04-30 12:36:59.519552,20160411,200
2019-04-30 12:37:15.455054,20160412,200
2019-04-30 12:37:31.374400,20160413,200
2019-04-30 12:37:47.235877,20160414,200
2019-04-30 12:38:03.137742,20160415,200
2019-04-30 12:38:19.019302,20160416,200
2019-04-30 12:38:35.000758,20160417,200
2019-04-30 12:38:50.944057,20160418,200
2019-04-30 12:39:06.848072,20160419,200
2019-04-30 12:39:22.729940,20160420,200
2019-04-30 12:39:38.729554,20160421,200
2019-04-30 12:39:54.630067,20160422,200
2019-04-30 12:40:10.612809,20160423,200
2019-04-30 12:40:26.594997,20160424,200
2019-04-30 12:40:42.623174,20160425,200
2019-04-30 12:40:58.568250,20160426,200
2019-04-30 12:41:14.493554,20160427,200
2019-04-30 12:41:30.422720,20160428,200
2019-04-30 12:41:46.472812,20160429,200
2019-04-30 12:42:02.477877,20160430,200
2019-04-30 12:42:18.460115,20160501,200
2019-04-30 12:42:34.445020,20160502,200
2019-04-30 12:42:50.392802,20160503,200
2019-04-30 12:43:06.364735,20160504,200
2019-04-30 12:43:22.327636,20160505,200
2019-04-30 12:43:38.254423,20160506,200
2019-04-30 12:43:54.295402,20160507,200
2019-04-30 12:44:10.248648,20160508,200
2019-04-30 12:44:26.242615,20160509,200
2019-04-30 12:44:42.283616,20160510,200
2019-04-30 12:44:58.218312,20160511,200
2019-04-30 12:45:14.290788,20160512,200
2019-04-30 12:45:30.331014,20160513,200
2019-04-30 12:45:46.305518,20160514,200
2019-04-30 12:46:02.347017,20160515,200
2019-04-30 12:46:18.305589,20160516,200
2019-04-30 12:46:34.317960,20160517,200
2019-04-30 12:46:50.336971,20160518,200
2019-04-30 12:47:06.356527,20160519,200
2019-04-30 12:47:22.373130,20160520,200
2019-04-30 12:47:38.506541,20160521,200
2019-04-30 12:47:54.519227,20160522,200
2019-04-30 12:48:10.659590,20160523,200
2019-04-30 12:48:26.677424,20160524,200
2019-04-30 12:48:42.735890,20160525,200
2019-04-30 12:48:58.734834,20160526,200
2019-04-30 12:49:14.816380,20160527,200
2019-04-30 12:49:30.870514,20160528,200
2019-04-30 12:49:46.904682,20160529,200
2019-04-30 12:50:03.022098,20160530,200
2019-04-30 12:50:19.035227,20160531,200
2019-04-30 12:50:35.106941,20160601,200
2019-04-30 12:50:51.177113,20160602,200
2019-04-30 12:51:07.210258,20160603,200
2019-04-30 12:51:23.256818,20160604,200
2019-04-30 12:51:39.399873,20160605,200
2019-04-30 12:51:55.472855,20160606,200
2019-04-30 12:52:11.526513,20160607,200
2019-04-30 12:52:27.564960,20160608,200
2019-04-30 12:52:43.679543,20160609,200
2019-04-30 12:52:59.784006,20160610,200
2019-04-30 12:53:15.836184,20160611,200
2019-04-30 12:53:31.882344,20160612,200
2019-04-30 12:53:47.993748,20160613,200
2019-04-30 12:54:04.093699,20160614,200
2019-04-30 12:54:20.199922,20160615,200
2019-04-30 12:54:36.330545,20160616,200
2019-04-30 12:54:52.393945,20160617,200
2019-04-30 12:55:08.468900,20160618,200
2019-04-30 12:55:24.552439,20160619,200
2019-04-30 12:55:40.675256,20160620,200
2019-04-30 12:55:56.823748,20160621,200
2019-04-30 12:56:12.880017,20160622,200
2019-04-30 12:56:28.935094,20160623,200
2019-04-30 12:56:44.990645,20160624,200
2019-04-30 12:57:01.119346,20160625,200
2019-04-30 12:57:17.198581,20160626,200
2019-04-30 12:57:33.286531,20160627,200
2019-04-30 12:57:49.361932,20160628,200
2019-04-30 12:58:05.495880,20160629,200
2019-04-30 12:58:21.700916,20160630,200
2019-04-30 12:58:37.789255,20160701,200
2019-04-30 12:58:53.956571,20160702,200
2019-04-30 12:59:10.172467,20160703,200
2019-04-30 12:59:26.322291,20160704,200
2019-04-30 12:59:42.396863,20160705,200
2019-04-30 12:59:58.659050,20160706,200
2019-04-30 13:00:14.801259,20160707,200
2019-04-30 13:00:30.944329,20160708,200
2019-04-30 13:00:47.072123,20160709,200
2019-04-30 13:01:03.179630,20160710,200
2019-04-30 13:01:19.258874,20160711,200
2019-04-30 13:01:35.409521,20160712,200
2019-04-30 13:01:51.564348,20160713,200
2019-04-30 13:02:07.725240,20160714,200
2019-04-30 13:02:23.894900,20160715,200
2019-04-30 13:02:40.047787,20160716,200
2019-04-30 13:02:56.239632,20160717,200
2019-04-30 13:03:12.402049,20160718,200
2019-04-30 13:03:28.593123,20160719,200
2019-04-30 13:03:44.824166,20160720,200
2019-04-30 13:04:01.003974,20160721,200
2019-04-30 13:04:17.313251,20160722,200
2019-04-30 13:04:33.478735,20160723,200
2019-04-30 13:04:49.709452,20160724,200
2019-04-30 13:05:06.150877,20160725,200
2019-04-30 13:05:22.758499,20160726,200
2019-04-30 13:05:38.934596,20160727,200
2019-04-30 13:05:55.097596,20160728,200
2019-04-30 13:06:11.305756,20160729,200
2019-04-30 13:06:27.439127,20160730,200
2019-04-30 13:06:43.587857,20160731,200
2019-04-30 13:06:59.764053,20160801,200
2019-04-30 13:07:15.978071,20160802,200
2019-04-30 13:07:32.093520,20160803,200
2019-04-30 13:07:48.220806,20160804,200
2019-04-30 13:08:04.335667,20160805,200
2019-04-30 13:08:20.526762,20160806,200
2019-04-30 13:08:36.672095,20160807,200
2019-04-30 13:08:52.790155,20160808,200
2019-04-30 13:09:09.015868,20160809,200
2019-04-30 13:09:25.165681,20160810,200
2019-04-30 13:09:41.282144,20160811,200
2019-04-30 13:09:57.355921,20160812,200
2019-04-30 13:10:13.560049,20160813,200
2019-04-30 13:10:29.772183,20160814,200
2019-04-30 13:10:45.904358,20160815,200
2019-04-30 13:11:02.109070,20160816,200
2019-04-30 13:11:18.204255,20160817,200
2019-04-30 13:11:34.316200,20160818,200
2019-04-30 13:11:50.510382,20160819,200
2019-04-30 13:12:06.701466,20160820,200
2019-04-30 13:12:22.826905,20160821,200
2019-04-30 13:12:38.996396,20160822,200
2019-04-30 13:12:55.146011,20160823,200
2019-04-30 13:13:11.294915,20160824,200
2019-04-30 13:13:27.455990,20160825,200
2019-04-30 13:13:43.641731,20160826,200
2019-04-30 13:13:59.774752,20160827,200
2019-04-30 13:14:15.981250,20160828,200
2019-04-30 13:14:32.329684,20160829,200
2019-04-30 13:14:48.513318,20160830,200
2019-04-30 13:15:04.657894,20160831,200
2019-04-30 13:15:20.851938,20160901,200
2019-04-30 13:15:37.112142,20160902,200
2019-04-30 13:15:53.263869,20160903,200
2019-04-30 13:16:09.514616,20160904,200
2019-04-30 13:16:25.689817,20160905,200
2019-04-30 13:16:41.856423,20160906,200
2019-04-30 13:16:58.047337,20160907,200
2019-04-30 13:17:14.224004,20160908,200
2019-04-30 13:17:30.441995,20160909,200
2019-04-30 13:17:46.588140,20160910,200
2019-04-30 13:18:02.726162,20160911,200
2019-04-30 13:18:18.872178,20160912,200
2019-04-30 13:18:35.023896,20160913,200
2019-04-30 13:18:51.232358,20160914,200
2019-04-30 13:19:07.369681,20160915,200
2019-04-30 13:19:23.608674,20160916,200
2019-04-30 13:19:39.849997,20160917,200
2019-04-30 13:19:56.034742,20160918,200
2019-04-30 13:20:12.193172,20160919,200
2019-04-30 13:20:28.386904,20160920,200
2019-04-30 13:20:44.526609,20160921,200
2019-04-30 13:21:00.731370,20160922,200
2019-04-30 13:21:16.949238,20160923,200
2019-04-30 13:21:33.187114,20160924,200
2019-04-30 13:21:49.330972,20160925,200
2019-04-30 13:22:05.444112,20160926,200
2019-04-30 13:22:21.591113,20160927,200
2019-04-30 13:22:37.696292,20160928,200
2019-04-30 13:22:53.861072,20160929,200
2019-04-30 13:23:09.999797,20160930,200
2019-04-30 13:23:26.181765,20161001,200
2019-04-30 13:23:42.288573,20161002,200
2019-04-30 13:23:58.376493,20161003,200
2019-04-30 13:24:14.517260,20161004,200
2019-04-30 13:24:30.663476,20161005,200
2019-04-30 13:24:46.732448,20161006,200
2019-04-30 13:25:02.759957,20161007,200
2019-04-30 13:25:18.782363,20161008,200
2019-04-30 13:25:34.785724,20161009,200
2019-04-30 13:25:50.835579,20161010,200
2019-04-30 13:26:06.908355,20161011,200
2019-04-30 13:26:22.931795,20161012,200
2019-04-30 13:26:38.997895,20161013,200
2019-04-30 13:26:55.056521,20161014,200
2019-04-30 13:27:11.079226,20161015,200
2019-04-30 13:27:27.040058,20161016,200
2019-04-30 13:27:43.106549,20161017,200
2019-04-30 13:27:59.154653,20161018,200
2019-04-30 13:28:15.216402,20161019,200
2019-04-30 13:28:31.228234,20161020,200
2019-04-30 13:28:47.152647,20161021,200
2019-04-30 13:29:03.051757,20161022,200
2019-04-30 13:29:18.919701,20161023,200
2019-04-30 13:29:34.845068,20161024,200
2019-04-30 13:29:50.750714,20161025,200
2019-04-30 13:30:06.620825,20161026,200
2019-04-30 13:30:22.832339,20161027,200
2019-04-30 13:30:38.712958,20161028,200
2019-04-30 13:30:54.593535,20161029,200
2019-04-30 13:31:10.439147,20161030,200
2019-04-30 13:31:26.256013,20161031,200
2019-04-30 13:31:42.131279,20161101,200
2019-04-30 13:31:58.129951,20161102,200
2019-04-30 13:32:13.976100,20161103,200
2019-04-30 13:32:29.786373,20161104,200
2019-04-30 13:32:45.593732,20161105,200
2019-04-30 13:33:01.392877,20161106,200
2019-04-30 13:33:17.257904,20161107,200
2019-04-30 13:33:33.023209,20161108,200
2019-04-30 13:33:48.781273,20161109,200
2019-04-30 13:34:04.552458,20161110,200
2019-04-30 13:34:20.337441,20161111,200
2019-04-30 13:34:36.100033,20161112,200
2019-04-30 13:34:51.859051,20161113,200
2019-04-30 13:35:07.565615,20161114,200
2019-04-30 13:35:23.262935,20161115,200
2019-04-30 13:35:39.178346,20161116,200
2019-04-30 13:35:55.338852,20161117,200
2019-04-30 13:36:11.332112,20161118,200
2019-04-30 13:36:27.040716,20161119,200
2019-04-30 13:36:42.749217,20161120,200
2019-04-30 13:36:58.414682,20161121,200
2019-04-30 13:37:14.105655,20161122,200
2019-04-30 13:37:29.750412,20161123,200
2019-04-30 13:37:45.390637,20161124,200
2019-04-30 13:38:01.081575,20161125,200
2019-04-30 13:38:16.827820,20161126,200
2019-04-30 13:38:32.473278,20161127,200
2019-04-30 13:38:48.110234,20161128,200
2019-04-30 13:39:03.795366,20161129,200
2019-04-30 13:39:19.440652,20161130,200
2019-04-30 13:39:35.066757,20161201,200
2019-04-30 13:39:50.730363,20161202,200
2019-04-30 13:40:06.379180,20161203,200
2019-04-30 13:40:22.065565,20161204,200
2019-04-30 13:40:37.671645,20161205,200
2019-04-30 13:40:53.258337,20161206,200
2019-04-30 13:41:08.839822,20161207,200
2019-04-30 13:41:24.446877,20161208,200
2019-04-30 13:41:40.218607,20161209,200
2019-04-30 13:41:55.821799,20161210,200
2019-04-30 13:42:11.485095,20161211,200
2019-04-30 13:42:27.108115,20161212,200
2019-04-30 13:42:42.825104,20161213,200
2019-04-30 13:42:58.450142,20161214,200
2019-04-30 13:43:14.030509,20161215,200
2019-04-30 13:43:29.644340,20161216,200
2019-04-30 13:43:45.215913,20161217,200
2019-04-30 13:44:01.266425,20161218,200
2019-04-30 13:44:16.887421,20161219,200
2019-04-30 13:44:32.522115,20161220,200
2019-04-30 13:44:48.152438,20161221,200
2019-04-30 13:45:03.804877,20161222,200
2019-04-30 13:45:19.416484,20161223,200
2019-04-30 13:45:35.035331,20161224,200
2019-04-30 13:45:50.696259,20161225,200
2019-04-30 13:46:06.358467,20161226,200
2019-04-30 13:46:22.056554,20161227,200
2019-04-30 13:46:37.652748,20161228,200
2019-04-30 13:46:53.282532,20161229,200
2019-04-30 13:47:08.888285,20161230,200
2019-04-30 13:47:24.483515,20161231,200
2019-04-30 13:47:40.089730,20170101,200
2019-04-30 13:47:55.727743,20170102,200
2019-04-30 13:48:11.402532,20170103,200
2019-04-30 13:48:27.042590,20170104,200
2019-04-30 13:48:42.685505,20170105,200
2019-04-30 13:48:58.319823,20170106,200
2019-04-30 13:49:13.937639,20170107,200
2019-04-30 13:49:29.622123,20170108,200
2019-04-30 13:49:45.269708,20170109,200
2019-04-30 13:50:00.922827,20170110,200
2019-04-30 13:50:16.588830,20170111,200
2019-04-30 13:50:32.343978,20170112,200
2019-04-30 13:57:16.502037,20170113,200
2019-04-30 13:57:32.155941,20170114,200
2019-04-30 13:57:47.781347,20170115,200
2019-04-30 13:58:03.395051,20170116,200
2019-04-30 13:58:19.003618,20170117,200
2019-04-30 13:58:34.612804,20170118,200
2019-04-30 13:58:50.261947,20170119,200
2019-04-30 13:59:06.040578,20170120,200
2019-04-30 13:59:21.842395,20170121,200
2019-04-30 13:59:37.758579,20170122,200
2019-04-30 13:59:53.643555,20170123,200
2019-04-30 14:00:09.514260,20170124,200
2019-04-30 14:00:25.446317,20170125,200
2019-04-30 14:00:41.284134,20170126,200
2019-04-30 14:00:57.207133,20170127,200
2019-04-30 14:01:13.106344,20170128,200
2019-04-30 14:01:29.179990,20170129,200
2019-04-30 14:01:45.084038,20170130,200
2019-04-30 14:02:01.022328,20170131,200
2019-04-30 14:02:17.069449,20170201,200
2019-04-30 14:02:33.012213,20170202,200
2019-04-30 14:02:49.136238,20170203,200
2019-04-30 14:03:05.229218,20170204,200
2019-04-30 14:03:21.211502,20170205,200
2019-04-30 14:03:37.230928,20170206,200
2019-04-30 14:03:53.270854,20170207,200
2019-04-30 14:04:09.431571,20170208,200
2019-04-30 14:04:25.552527,20170209,200
2019-04-30 14:04:41.623757,20170210,200
2019-04-30 14:04:57.713935,20170211,200
2019-04-30 14:05:13.828329,20170212,200
2019-04-30 14:05:29.933279,20170213,200
2019-04-30 14:05:45.990164,20170214,200
2019-04-30 14:06:02.287816,20170215,200
2019-04-30 14:06:18.596879,20170216,200
2019-04-30 14:06:34.900790,20170217,200
2019-04-30 14:06:51.235324,20170218,200
2019-04-30 14:07:07.367483,20170219,200
2019-04-30 14:07:23.679427,20170220,200
2019-04-30 14:07:39.881625,20170221,200
2019-04-30 14:07:56.000421,20170222,200
2019-04-30 14:08:12.372026,20170223,200
2019-04-30 14:08:28.695028,20170224,200
2019-04-30 14:08:44.902983,20170225,200
2019-04-30 14:09:01.397450,20170226,200
2019-04-30 14:09:17.784542,20170227,200
2019-04-30 14:09:34.426934,20170228,200
2019-04-30 14:09:50.739640,20170301,200
2019-04-30 14:10:07.206578,20170302,200
2019-04-30 14:10:23.578039,20170303,200
2019-04-30 14:10:39.918624,20170304,200
2019-04-30 14:10:56.475349,20170305,200
2019-04-30 14:11:13.094608,20170306,200
2019-04-30 14:11:29.679299,20170307,200
2019-04-30 14:11:46.184540,20170308,200
2019-04-30 14:12:02.717534,20170309,200
2019-04-30 14:12:19.361206,20170310,200
2019-04-30 14:12:35.801708,20170311,200
2019-04-30 14:12:52.386179,20170312,200
2019-04-30 14:13:08.995783,20170313,200
2019-04-30 14:13:25.487878,20170314,200
2019-04-30 14:13:42.081894,20170315,200
2019-04-30 14:13:58.634114,20170316,200
2019-04-30 14:14:15.398318,20170317,200
2019-04-30 14:14:32.212555,20170318,200
2019-04-30 14:14:48.827504,20170319,200
2019-04-30 14:15:05.539768,20170320,200
2019-04-30 14:15:22.835196,20170321,200
2019-04-30 14:15:39.724674,20170322,200
2019-04-30 14:15:56.443648,20170323,200
2019-04-30 14:16:13.087044,20170324,200
2019-04-30 14:16:29.660919,20170325,200
2019-04-30 14:16:46.406797,20170326,200
2019-04-30 14:17:03.184172,20170327,200
2019-04-30 14:17:19.859882,20170328,200
2019-04-30 14:17:36.666717,20170329,200
2019-04-30 14:17:53.390238,20170330,200
2019-04-30 14:18:10.133487,20170331,200
2019-04-30 14:18:26.756718,20170401,200
2019-04-30 14:18:43.468122,20170402,200
2019-04-30 14:19:00.269821,20170403,200
2019-04-30 14:19:17.019648,20170404,200
2019-04-30 14:19:33.696293,20170405,200
2019-04-30 14:19:50.548072,20170406,200
2019-04-30 14:20:07.129847,20170407,200
2019-04-30 14:20:23.967732,20170408,200
2019-04-30 14:20:40.596445,20170409,200
2019-04-30 14:20:57.503300,20170410,200
2019-04-30 14:21:14.261028,20170411,200
2019-04-30 14:21:31.052699,20170412,200
2019-04-30 14:21:47.958698,20170413,200
2019-04-30 14:22:04.880857,20170414,200
2019-04-30 14:22:21.628719,20170415,200
2019-04-30 14:22:38.448018,20170416,200
2019-04-30 14:22:55.194816,20170417,200
2019-04-30 14:23:11.973885,20170418,200
2019-04-30 14:23:28.885618,20170419,200
2019-04-30 14:23:45.721662,20170420,200
2019-04-30 14:24:02.717715,20170421,200
2019-04-30 14:24:19.528276,20170422,200
2019-04-30 14:24:36.424503,20170423,200
2019-04-30 14:24:53.408838,20170424,200
2019-04-30 14:25:10.183090,20170425,200
2019-04-30 14:25:26.944677,20170426,200
2019-04-30 14:25:43.860846,20170427,200
2019-04-30 14:26:00.626261,20170428,200
2019-04-30 14:26:17.477332,20170429,200
2019-04-30 14:26:34.351086,20170430,200
2019-04-30 14:26:51.177058,20170501,200
2019-04-30 14:27:07.976562,20170502,200
2019-04-30 14:27:24.861285,20170503,200
2019-04-30 14:27:41.841070,20170504,200
2019-04-30 14:27:58.817993,20170505,200
2019-04-30 14:28:15.639091,20170506,200
2019-04-30 14:28:32.408852,20170507,200
2019-04-30 14:28:49.399921,20170508,200
2019-04-30 14:29:06.356712,20170509,200
2019-04-30 14:29:23.231262,20170510,200
2019-04-30 14:29:40.105396,20170511,200
2019-04-30 14:29:57.028543,20170512,200
2019-04-30 14:30:13.993561,20170513,200
2019-04-30 14:30:31.025452,20170514,200
2019-04-30 14:30:47.704934,20170515,200
2019-04-30 14:31:04.669953,20170516,200
2019-04-30 14:31:21.478811,20170517,200
2019-04-30 14:31:38.443812,20170518,200
2019-04-30 14:31:55.467515,20170519,200
2019-04-30 14:32:12.506142,20170520,200
2019-04-30 14:32:29.437094,20170521,200
2019-04-30 14:32:46.341470,20170522,200
2019-04-30 14:33:03.262888,20170523,200
2019-04-30 14:33:20.154594,20170524,200
2019-04-30 14:33:37.059986,20170525,200
2019-04-30 14:33:53.805771,20170526,200
2019-04-30 14:34:10.506372,20170527,200
2019-04-30 14:34:27.415465,20170528,200
2019-04-30 14:34:44.095979,20170529,200
2019-04-30 14:35:00.954195,20170530,200
2019-04-30 14:35:17.844675,20170531,200
2019-04-30 14:35:34.665788,20170601,200
2019-04-30 14:35:51.399880,20170602,200
2019-04-30 14:36:08.132945,20170603,200
2019-04-30 14:36:24.898787,20170604,200
2019-04-30 14:36:41.730675,20170605,200
2019-04-30 14:36:58.523350,20170606,200
2019-04-30 14:37:15.315357,20170607,200
2019-04-30 14:37:32.176827,20170608,200
2019-04-30 14:37:49.045253,20170609,200
2019-04-30 14:38:05.781538,20170610,200
2019-04-30 14:38:22.716281,20170611,200
2019-04-30 14:38:39.588608,20170612,200
2019-04-30 14:38:56.412604,20170613,200
2019-04-30 14:39:13.230724,20170614,200
2019-04-30 14:39:30.057452,20170615,200
2019-04-30 14:39:46.823678,20170616,200
2019-04-30 14:40:03.768638,20170617,200
2019-04-30 14:40:20.654932,20170618,200
2019-04-30 14:40:37.453365,20170619,200
2019-04-30 14:40:54.305135,20170620,200
2019-04-30 14:41:11.078701,20170621,200
2019-04-30 14:41:27.758527,20170622,200
2019-04-30 14:41:44.483289,20170623,200
2019-04-30 14:42:01.175511,20170624,200
2019-04-30 14:42:18.027400,20170625,200
2019-04-30 14:42:36.039520,20170626,200
2019-04-30 14:42:52.864374,20170627,200
2019-04-30 14:43:09.694831,20170628,200
2019-04-30 14:43:26.456422,20170629,200
2019-04-30 14:43:43.128794,20170630,200
2019-04-30 14:43:59.837873,20170701,200
2019-04-30 14:44:16.635561,20170702,200
2019-04-30 14:44:33.398177,20170703,200
2019-04-30 14:44:50.179928,20170704,200
2019-04-30 14:45:06.924306,20170705,200
2019-04-30 14:45:23.689515,20170706,200
2019-04-30 14:45:40.463445,20170707,200
2019-04-30 14:45:57.282512,20170708,200
2019-04-30 14:46:14.057743,20170709,200
2019-04-30 14:46:30.926279,20170710,200
2019-04-30 14:46:47.646417,20170711,200
2019-04-30 14:47:04.524186,20170712,200
2019-04-30 14:47:21.300194,20170713,200
2019-04-30 14:47:38.086207,20170714,200
2019-04-30 14:47:54.775808,20170715,200
2019-04-30 14:48:11.575234,20170716,200
2019-04-30 14:48:28.437946,20170717,200
2019-04-30 14:48:45.223567,20170718,200
2019-04-30 14:49:02.042216,20170719,200
2019-04-30 14:49:18.934246,20170720,200
2019-04-30 14:49:36.096274,20170721,200
2019-04-30 14:49:53.161200,20170722,200
2019-04-30 14:50:10.096791,20170723,200
2019-04-30 14:50:26.923708,20170724,200
2019-04-30 14:50:43.661605,20170725,200
2019-04-30 14:51:00.392946,20170726,200
2019-04-30 14:51:17.129711,20170727,200
2019-04-30 14:51:33.909269,20170728,200
2019-04-30 14:51:50.686764,20170729,200
2019-04-30 14:52:07.488820,20170730,200
2019-04-30 14:52:24.339443,20170731,200
2019-04-30 14:52:41.090184,20170801,200
2019-04-30 14:52:57.904764,20170802,200
2019-04-30 14:53:14.686942,20170803,200
2019-04-30 14:53:31.479100,20170804,200
2019-04-30 14:53:48.346357,20170805,200
2019-04-30 14:54:05.092063,20170806,200
2019-04-30 14:54:21.917496,20170807,200
2019-04-30 14:54:38.678236,20170808,200
2019-04-30 14:54:55.475249,20170809,200
2019-04-30 14:55:12.196784,20170810,200
2019-04-30 14:55:28.918769,20170811,200
2019-04-30 14:55:45.726393,20170812,200
2019-04-30 14:56:02.631292,20170813,200
2019-04-30 14:56:19.402976,20170814,200
2019-04-30 14:56:36.234945,20170815,200
2019-04-30 14:56:53.014243,20170816,200
2019-04-30 14:57:09.768076,20170817,200
2019-04-30 14:57:26.500450,20170818,200
2019-04-30 14:57:43.269554,20170819,200
2019-04-30 14:58:00.034463,20170820,200
2019-04-30 14:58:16.808863,20170821,200
2019-04-30 14:58:33.588569,20170822,200
2019-04-30 14:58:50.359232,20170823,200
2019-04-30 14:59:07.089139,20170824,200
2019-04-30 14:59:23.796125,20170825,200
2019-04-30 14:59:40.573309,20170826,200
2019-04-30 14:59:57.321276,20170827,200
2019-04-30 15:00:14.151306,20170828,200
2019-04-30 15:00:30.865310,20170829,200
2019-04-30 15:00:47.548824,20170830,200
2019-04-30 15:01:04.342830,20170831,200
2019-04-30 15:01:21.095446,20170901,200
2019-04-30 15:01:37.929720,20170902,200
2019-04-30 15:01:54.663331,20170903,200
2019-04-30 15:02:11.500372,20170904,200
2019-04-30 15:02:28.362020,20170905,200
2019-04-30 15:02:45.394445,20170906,200
2019-04-30 15:03:02.212371,20170907,200
2019-04-30 15:03:18.957873,20170908,200
2019-04-30 15:03:35.801843,20170909,200
2019-04-30 15:03:52.604703,20170910,200
2019-04-30 15:04:09.500583,20170911,200
2019-04-30 15:04:26.372557,20170912,200
2019-04-30 15:04:43.228429,20170913,200
2019-04-30 15:05:00.087770,20170914,200
2019-04-30 15:05:16.913946,20170915,200
2019-04-30 15:05:33.728632,20170916,200
2019-04-30 15:05:50.494809,20170917,200
2019-04-30 15:06:07.251486,20170918,200
2019-04-30 15:06:24.135185,20170919,200
2019-04-30 15:06:40.896107,20170920,200
2019-04-30 15:06:57.776834,20170921,200
2019-04-30 15:07:14.531873,20170922,200
2019-04-30 15:07:31.380127,20170923,200
2019-04-30 15:07:48.191942,20170924,200
2019-04-30 15:08:04.998290,20170925,200
2019-04-30 15:08:21.721804,20170926,200
2019-04-30 15:08:38.521974,20170927,200
2019-04-30 15:08:55.322400,20170928,200
2019-04-30 15:09:12.087192,20170929,200
2019-04-30 15:09:28.886245,20170930,200
2019-04-30 15:09:45.620221,20171001,200
2019-04-30 15:10:02.413557,20171002,200
2019-04-30 15:10:19.117093,20171003,200
2019-04-30 15:10:35.823241,20171004,200
2019-04-30 15:10:52.528966,20171005,200
2019-04-30 15:11:09.123065,20171006,200
2019-04-30 15:11:25.869298,20171007,200
2019-04-30 15:11:42.510578,20171008,200
2019-04-30 15:11:59.304979,20171009,200
2019-04-30 15:12:15.942825,20171010,200
2019-04-30 15:12:32.587116,20171011,200
2019-04-30 15:12:49.193290,20171012,200
2019-04-30 15:13:05.842144,20171013,200
2019-04-30 15:13:22.775779,20171014,200
2019-04-30 15:13:39.332305,20171015,200
2019-04-30 15:13:55.994980,20171016,200
2019-04-30 15:14:12.785337,20171017,200
2019-04-30 15:14:29.575851,20171018,200
2019-04-30 15:14:46.137677,20171019,200
2019-04-30 15:15:02.681354,20171020,200
2019-04-30 15:15:19.210723,20171021,200
2019-04-30 15:15:35.787393,20171022,200
2019-04-30 15:15:52.564222,20171023,200
2019-04-30 15:16:09.058687,20171024,200
2019-04-30 15:16:25.520744,20171025,200
2019-04-30 15:16:41.999686,20171026,200
2019-04-30 15:16:58.473392,20171027,200
2019-04-30 15:17:14.861416,20171028,200
2019-04-30 15:17:31.323726,20171029,200
2019-04-30 15:17:47.636455,20171030,200
2019-04-30 15:18:03.945263,20171031,200
2019-04-30 15:18:20.316225,20171101,200
2019-04-30 15:18:36.646022,20171102,200
2019-04-30 15:18:52.993315,20171103,200
2019-04-30 15:19:09.323454,20171104,200
2019-04-30 15:19:25.702065,20171105,200
2019-04-30 15:19:42.080111,20171106,200
2019-04-30 15:19:58.372171,20171107,200
2019-04-30 15:20:14.685696,20171108,200
2019-04-30 15:20:31.018868,20171109,200
2019-04-30 15:20:47.354771,20171110,200
2019-04-30 15:21:03.610096,20171111,200
2019-04-30 15:21:19.869855,20171112,200
2019-04-30 15:21:36.132839,20171113,200
2019-04-30 15:21:52.371106,20171114,200
2019-04-30 15:22:08.642920,20171115,200
2019-04-30 15:22:24.900688,20171116,200
2019-04-30 15:22:41.298171,20171117,200
2019-04-30 15:22:57.553870,20171118,200
2019-04-30 15:23:13.711246,20171119,200
2019-04-30 15:23:29.948763,20171120,200
2019-04-30 15:23:46.049914,20171121,200
2019-04-30 15:24:02.156125,20171122,200
2019-04-30 15:24:18.297157,20171123,200
2019-04-30 15:24:34.498732,20171124,200
2019-04-30 15:24:50.631857,20171125,200
2019-04-30 15:25:06.863365,20171126,200
2019-04-30 15:25:23.075498,20171127,200
2019-04-30 15:25:39.211937,20171128,200
2019-04-30 15:25:55.392301,20171129,200
2019-04-30 15:26:11.573932,20171130,200
2019-04-30 15:26:27.838849,20171201,200
2019-04-30 15:26:43.864713,20171202,200
2019-04-30 15:26:59.962072,20171203,200
2019-04-30 15:27:16.052867,20171204,200
2019-04-30 15:27:32.185679,20171205,200
2019-04-30 15:27:48.279926,20171206,200
2019-04-30 15:28:04.310296,20171207,200
2019-04-30 15:28:20.367137,20171208,200
2019-04-30 15:28:36.397703,20171209,200
2019-04-30 15:28:52.423958,20171210,200
2019-04-30 15:29:08.457286,20171211,200
2019-04-30 15:29:24.493677,20171212,200
2019-04-30 15:29:40.617237,20171213,200
2019-04-30 15:29:56.637767,20171214,200
2019-04-30 15:30:12.676872,20171215,200
2019-04-30 15:30:28.718683,20171216,200
2019-04-30 15:30:44.716357,20171217,200
2019-04-30 15:31:00.719783,20171218,200
2019-04-30 15:31:16.745742,20171219,200
2019-04-30 15:31:32.769371,20171220,200
2019-04-30 15:31:48.772182,20171221,200
2019-04-30 15:32:04.774360,20171222,200
2019-04-30 15:32:20.923187,20171223,200
2019-04-30 15:32:36.937267,20171224,200
2019-04-30 15:32:52.999285,20171225,200
2019-04-30 15:33:09.017176,20171226,200
2019-04-30 15:33:25.102951,20171227,200
2019-04-30 15:33:41.167447,20171228,200
2019-04-30 15:33:57.189842,20171229,200
2019-04-30 15:34:13.281376,20171230,200
2019-04-30 15:34:29.355489,20171231,200
2019-04-30 15:34:45.373389,20180101,200
2019-04-30 15:35:01.457980,20180102,200
2019-04-30 15:35:17.499569,20180103,200
2019-04-30 15:35:33.548802,20180104,200
2019-04-30 15:35:49.610367,20180105,200
2019-04-30 15:36:05.726772,20180106,200
2019-04-30 15:36:21.812309,20180107,200
2019-04-30 15:36:37.898961,20180108,200
2019-04-30 15:36:53.982110,20180109,200
2019-04-30 15:37:10.111152,20180110,200
2019-04-30 15:37:26.285581,20180111,200
2019-04-30 15:37:42.490750,20180112,200
2019-04-30 15:37:58.659249,20180113,200
2019-04-30 15:38:14.821054,20180114,200
2019-04-30 15:38:31.021298,20180115,200
2019-04-30 15:38:47.180768,20180116,200
2019-04-30 15:39:03.329300,20180117,200
2019-04-30 15:39:19.493532,20180118,200
2019-04-30 15:39:35.684886,20180119,200
2019-04-30 15:39:51.915180,20180120,200
2019-04-30 15:40:08.156244,20180121,200
2019-04-30 15:40:24.587798,20180122,200
2019-04-30 15:40:41.191306,20180123,200
2019-04-30 15:40:57.621754,20180124,200
2019-04-30 15:41:13.938927,20180125,200
2019-04-30 15:41:30.357833,20180126,200
2019-04-30 15:41:46.646032,20180127,200
2019-04-30 15:42:02.944497,20180128,200
2019-04-30 15:42:19.285323,20180129,200
2019-04-30 15:42:35.694468,20180130,200
2019-04-30 15:42:52.128899,20180131,200
2019-04-30 15:43:08.477400,20180201,200
2019-04-30 15:43:24.994837,20180202,200
2019-04-30 15:43:41.494076,20180203,200
2019-04-30 15:43:57.957745,20180204,200
2019-04-30 15:44:14.477391,20180205,200
2019-04-30 15:44:30.977660,20180206,200
2019-04-30 15:44:47.529488,20180207,200
2019-04-30 15:45:04.040161,20180208,200
2019-04-30 15:45:20.696270,20180209,200
2019-04-30 15:45:37.275547,20180210,200
2019-04-30 15:45:53.894414,20180211,200
2019-04-30 15:46:10.559892,20180212,200
2019-04-30 15:46:27.184646,20180213,200
2019-04-30 15:46:43.856796,20180214,200
2019-04-30 15:47:00.488025,20180215,200
2019-04-30 15:47:17.202653,20180216,200
2019-04-30 15:47:33.712192,20180217,200
2019-04-30 15:47:50.261071,20180218,200
2019-04-30 15:48:06.898896,20180219,200
2019-04-30 15:48:23.499892,20180220,200
2019-04-30 15:48:40.195079,20180221,200
2019-04-30 15:48:56.822535,20180222,200
2019-04-30 15:49:13.514461,20180223,200
2019-04-30 15:49:30.162594,20180224,200
2019-04-30 15:49:46.798900,20180225,200
2019-04-30 15:50:03.448835,20180226,200
2019-04-30 15:50:20.213477,20180227,200
2019-04-30 15:50:36.945818,20180228,200
2019-04-30 15:50:53.683733,20180301,200
2019-04-30 15:51:10.546349,20180302,200
2019-04-30 15:51:27.300100,20180303,200
2019-04-30 15:51:44.273658,20180304,200
2019-04-30 15:52:01.030510,20180305,200
2019-04-30 15:52:17.890767,20180306,200
2019-04-30 15:52:34.917978,20180307,200
2019-04-30 15:52:51.782833,20180308,200
2019-04-30 15:53:08.703447,20180309,200
2019-04-30 15:53:25.587513,20180310,200
2019-04-30 15:53:42.488763,20180311,200
2019-04-30 15:53:59.366680,20180312,200
2019-04-30 15:54:16.278353,20180313,200
2019-04-30 15:54:33.269077,20180314,200
2019-04-30 15:54:50.306757,20180315,200
2019-04-30 15:55:07.364684,20180316,200
2019-04-30 15:55:24.424185,20180317,200
2019-04-30 15:55:41.450410,20180318,200
2019-04-30 15:55:58.463682,20180319,200
2019-04-30 15:56:15.542214,20180320,200
2019-04-30 15:56:32.662398,20180321,200
2019-04-30 15:56:49.724989,20180322,200
2019-04-30 15:57:06.801858,20180323,200
2019-04-30 15:57:23.844599,20180324,200
2019-04-30 15:57:40.983894,20180325,200
2019-04-30 15:57:58.019236,20180326,200
2019-04-30 15:58:15.037577,20180327,200
2019-04-30 15:58:32.148121,20180328,200
2019-04-30 15:58:49.308826,20180329,200
2019-04-30 15:59:06.414338,20180330,200
2019-04-30 15:59:23.554234,20180331,200
2019-04-30 15:59:40.675100,20180401,200
2019-04-30 15:59:57.749922,20180402,200
2019-04-30 16:00:15.577747,20180403,200
2019-04-30 16:00:33.219909,20180404,200
2019-04-30 16:00:50.272444,20180405,200
2019-04-30 16:01:07.330674,20180406,200
2019-04-30 16:01:24.439776,20180407,200
2019-04-30 16:01:41.534957,20180408,200
2019-04-30 16:01:58.598191,20180409,200
2019-04-30 16:02:15.674162,20180410,200
2019-04-30 16:02:32.828506,20180411,200
2019-04-30 16:02:49.956202,20180412,200
2019-04-30 16:03:07.077462,20180413,200
2019-04-30 16:03:24.138216,20180414,200
2019-04-30 16:03:41.317791,20180415,200
2019-04-30 16:03:58.406583,20180416,200
2019-04-30 16:04:15.596558,20180417,200
2019-04-30 16:04:32.734135,20180418,200
2019-04-30 16:04:49.921628,20180419,200
2019-04-30 16:05:07.082756,20180420,200
2019-04-30 16:05:24.297653,20180421,200
2019-04-30 16:05:41.465204,20180422,200
2019-04-30 16:05:58.683568,20180423,200
2019-04-30 16:06:15.783447,20180424,200
2019-04-30 16:06:32.859334,20180425,200
2019-04-30 16:06:50.020483,20180426,200
2019-04-30 16:07:07.108866,20180427,200
2019-04-30 16:07:24.313517,20180428,200
2019-04-30 16:07:41.502594,20180429,200
2019-04-30 16:07:58.733330,20180430,200
2019-04-30 16:08:15.996719,20180501,200
2019-04-30 16:08:33.219987,20180502,200
2019-04-30 16:08:50.500991,20180503,200
2019-04-30 16:09:07.764103,20180504,200
2019-04-30 16:09:24.915862,20180505,200
2019-04-30 16:09:42.118036,20180506,200
2019-04-30 16:09:59.371445,20180507,200
2019-04-30 16:10:16.517615,20180508,200
2019-04-30 16:10:33.781655,20180509,200
2019-04-30 16:10:51.162025,20180510,200
2019-04-30 16:11:08.515876,20180511,200
2019-04-30 16:11:25.747934,20180512,200
2019-04-30 16:11:42.950696,20180513,200
2019-04-30 16:12:00.146374,20180514,200
2019-04-30 16:12:17.346694,20180515,200
2019-04-30 16:12:34.612241,20180516,200
2019-04-30 16:12:51.948920,20180517,200
2019-04-30 16:13:09.252342,20180518,200
2019-04-30 16:13:26.583286,20180519,200
2019-04-30 16:13:43.806918,20180520,200
2019-04-30 16:14:01.131965,20180521,200
2019-04-30 16:14:18.462505,20180522,200
2019-04-30 16:14:35.829647,20180523,200
2019-04-30 16:14:53.095331,20180524,200
2019-04-30 16:15:10.408754,20180525,200
2019-04-30 16:15:27.639051,20180526,200
2019-04-30 16:15:44.902490,20180527,200
2019-04-30 16:16:02.230365,20180528,200
2019-04-30 16:16:19.528735,20180529,200
2019-04-30 16:16:36.801556,20180530,200
2019-04-30 16:16:54.089004,20180531,200
2019-04-30 16:17:11.367259,20180601,200
2019-04-30 16:17:28.727039,20180602,200
2019-04-30 16:17:46.027786,20180603,200
2019-04-30 16:18:03.291011,20180604,200
2019-04-30 16:18:20.721737,20180605,200
2019-04-30 16:18:38.106982,20180606,200
2019-04-30 16:18:55.466325,20180607,200
2019-04-30 16:19:12.834888,20180608,200
2019-04-30 16:19:30.288493,20180609,200
2019-04-30 16:19:47.626993,20180610,200
2019-04-30 16:20:05.073940,20180611,200
2019-04-30 16:20:22.944446,20180612,200
2019-04-30 16:20:40.353025,20180613,200
2019-04-30 16:20:57.817817,20180614,200
2019-04-30 16:21:15.176048,20180615,200
2019-04-30 16:21:32.573830,20180616,200
2019-04-30 16:21:49.881541,20180617,200
2019-04-30 16:22:07.257596,20180618,200
2019-04-30 16:22:24.602578,20180619,200
2019-04-30 16:22:42.062699,20180620,200
2019-04-30 16:22:59.463606,20180621,200
2019-04-30 16:23:16.813633,20180622,200
2019-04-30 16:23:34.374924,20180623,200
2019-04-30 16:23:51.724848,20180624,200
2019-04-30 16:24:09.015534,20180625,200
2019-04-30 16:24:26.417333,20180626,200
2019-04-30 16:24:43.788354,20180627,200
2019-04-30 16:25:01.136199,20180628,200
2019-04-30 16:25:18.435543,20180629,200
2019-04-30 16:25:35.778615,20180630,200
2019-04-30 16:25:53.107363,20180701,200
2019-04-30 16:26:10.689092,20180702,200
2019-04-30 16:26:28.171785,20180703,200
2019-04-30 16:26:45.541555,20180704,200
2019-04-30 16:27:02.899863,20180705,200
2019-04-30 16:27:20.323235,20180706,200
2019-04-30 16:27:37.709227,20180707,200
2019-04-30 16:27:55.068579,20180708,200
2019-04-30 16:28:12.484720,20180709,200
2019-04-30 16:28:30.013460,20180710,200
2019-04-30 16:28:47.428213,20180711,200
2019-04-30 16:29:05.058105,20180712,200
2019-04-30 16:29:22.486352,20180713,200
2019-04-30 16:29:39.894674,20180714,200
2019-04-30 16:29:57.297935,20180715,200
2019-04-30 16:30:14.792388,20180716,200
2019-04-30 16:30:32.268224,20180717,200
2019-04-30 16:30:49.613335,20180718,200
2019-04-30 16:31:07.042965,20180719,200
2019-04-30 16:31:24.471965,20180720,200
2019-04-30 16:31:41.916084,20180721,200
2019-04-30 16:31:59.319194,20180722,200
2019-04-30 16:32:16.826938,20180723,200
2019-04-30 16:32:34.266615,20180724,200
2019-04-30 16:32:51.737912,20180725,200
2019-04-30 16:33:09.177785,20180726,200
2019-04-30 16:33:26.650372,20180727,200
2019-04-30 16:33:44.071122,20180728,200
2019-04-30 16:34:01.677179,20180729,200
2019-04-30 16:34:19.011048,20180730,200
2019-04-30 16:34:36.420177,20180731,200
2019-04-30 16:34:53.863281,20180801,200
2019-04-30 16:35:11.213700,20180802,200
2019-04-30 16:35:28.643178,20180803,200
2019-04-30 16:35:45.990008,20180804,200
2019-04-30 16:36:03.385106,20180805,200
2019-04-30 16:36:20.773473,20180806,200
2019-04-30 16:36:38.155377,20180807,200
2019-04-30 16:36:55.580922,20180808,200
2019-04-30 16:37:13.259998,20180809,200
2019-04-30 16:37:30.627580,20180810,200
2019-04-30 16:37:48.025977,20180811,200
2019-04-30 16:38:05.482543,20180812,200
2019-04-30 16:38:22.989636,20180813,200
2019-04-30 16:38:40.373718,20180814,200
2019-04-30 16:38:57.798863,20180815,200
2019-04-30 16:39:15.261125,20180816,200
2019-04-30 16:39:32.627345,20180817,200
2019-04-30 16:39:49.959972,20180818,200
2019-04-30 16:40:07.283136,20180819,200
2019-04-30 16:40:24.703977,20180820,200
2019-04-30 16:40:42.105072,20180821,200
2019-04-30 16:40:59.472557,20180822,200
2019-04-30 16:41:16.867727,20180823,200
2019-04-30 16:41:34.308159,20180824,200
2019-04-30 16:41:51.673732,20180825,200
2019-04-30 16:42:09.059440,20180826,200
2019-04-30 16:42:26.529675,20180827,200
2019-04-30 16:42:43.965721,20180828,200
2019-04-30 16:43:01.394303,20180829,200
2019-04-30 16:43:18.859020,20180830,200
2019-04-30 16:43:36.262118,20180831,200
2019-04-30 16:43:53.673629,20180901,200
2019-04-30 16:44:11.068311,20180902,200
2019-04-30 16:44:28.444660,20180903,200
2019-04-30 16:44:45.803763,20180904,200
2019-04-30 16:45:03.201343,20180905,200
2019-04-30 16:45:20.633068,20180906,200
2019-04-30 16:45:37.973551,20180907,200
2019-04-30 16:45:55.350602,20180908,200
2019-04-30 16:46:12.820347,20180909,200
2019-04-30 16:46:30.152470,20180910,200
2019-04-30 16:46:47.535821,20180911,200
2019-04-30 16:47:04.872233,20180912,200
2019-04-30 16:47:22.201260,20180913,200
2019-04-30 16:47:39.574126,20180914,200
2019-04-30 16:47:57.019730,20180915,200
2019-04-30 16:48:14.577760,20180916,200
2019-04-30 16:48:32.021155,20180917,200
2019-04-30 16:48:49.478444,20180918,200
2019-04-30 16:49:06.836707,20180919,200
2019-04-30 16:49:24.206436,20180920,200
2019-04-30 16:49:41.613434,20180921,200
2019-04-30 16:49:59.057987,20180922,200
2019-04-30 16:50:16.610673,20180923,200
2019-04-30 16:50:34.005939,20180924,200
2019-04-30 16:50:51.389146,20180925,200
2019-04-30 16:51:08.746811,20180926,200
2019-04-30 16:51:26.058421,20180927,200
2019-04-30 16:51:43.406903,20180928,200
2019-04-30 16:52:00.783949,20180929,200
2019-04-30 16:52:18.077792,20180930,200
2019-04-30 16:52:35.438967,20181001,200
2019-04-30 16:52:52.881346,20181002,200
2019-04-30 16:53:10.153270,20181003,200
2019-04-30 16:53:27.388819,20181004,200
2019-04-30 16:53:44.662885,20181005,200
2019-04-30 16:54:01.928165,20181006,200
2019-04-30 16:54:19.092648,20181007,200
2019-04-30 16:54:36.278955,20181008,200
2019-04-30 16:54:53.527647,20181009,200
2019-04-30 16:55:10.716047,20181010,200
2019-04-30 16:55:27.837754,20181011,200
2019-04-30 16:55:45.074715,20181012,200
2019-04-30 16:56:02.263127,20181013,200
2019-04-30 16:56:19.514139,20181014,200
2019-04-30 16:56:36.768385,20181015,200
2019-04-30 16:56:53.823491,20181016,200
2019-04-30 16:57:10.898583,20181017,200
2019-04-30 16:57:28.078960,20181018,200
2019-04-30 16:57:45.190241,20181019,200
2019-04-30 16:58:02.271958,20181020,200
2019-04-30 16:58:19.323778,20181021,200
2019-04-30 16:58:36.372173,20181022,200
2019-04-30 16:58:53.419341,20181023,200
2019-04-30 16:59:10.372615,20181024,200
2019-04-30 16:59:27.362805,20181025,200
2019-04-30 16:59:44.402036,20181026,200
2019-04-30 17:00:01.345455,20181027,200
2019-04-30 17:00:18.328185,20181028,200
2019-04-30 17:00:35.233823,20181029,200
2019-04-30 17:00:52.154962,20181030,200
2019-04-30 17:01:09.057105,20181031,200
2019-04-30 17:01:25.932977,20181101,200
2019-04-30 17:01:42.802252,20181102,200
2019-04-30 17:01:59.651761,20181103,200
2019-04-30 17:02:16.554322,20181104,200
2019-04-30 17:02:33.448089,20181105,200
2019-04-30 17:02:50.315662,20181106,200
2019-04-30 17:03:07.254370,20181107,200
2019-04-30 17:03:24.002482,20181108,200
2019-04-30 17:03:40.789277,20181109,200
2019-04-30 17:03:57.563420,20181110,200
2019-04-30 17:04:14.371263,20181111,200
2019-04-30 17:04:31.204831,20181112,200
2019-04-30 17:04:47.968631,20181113,200
2019-04-30 17:05:04.787367,20181114,200
2019-04-30 17:05:21.641356,20181115,200
2019-04-30 17:05:38.368554,20181116,200
2019-04-30 17:05:55.135083,20181117,200
2019-04-30 17:06:12.228088,20181118,200
2019-04-30 17:06:29.718164,20181119,200
2019-04-30 17:06:46.420588,20181120,200
2019-04-30 17:07:03.113025,20181121,200
2019-04-30 17:07:19.742115,20181122,200
2019-04-30 17:07:36.403665,20181123,200
2019-04-30 17:07:53.028978,20181124,200
2019-04-30 17:08:09.680435,20181125,200
2019-04-30 17:08:26.283167,20181126,200
2019-04-30 17:08:42.868628,20181127,200
2019-04-30 17:08:59.470197,20181128,200
2019-04-30 17:09:16.059289,20181129,200
2019-04-30 17:09:32.689921,20181130,200
2019-04-30 17:09:49.280198,20181201,200
2019-04-30 17:10:05.759094,20181202,200
2019-04-30 17:10:22.770766,20181203,200
2019-04-30 17:10:39.445340,20181204,200
2019-04-30 17:10:55.951807,20181205,200
2019-04-30 17:11:12.459194,20181206,200
2019-04-30 17:11:28.978073,20181207,200
2019-04-30 17:11:45.515003,20181208,200
2019-04-30 17:12:02.111598,20181209,200
2019-04-30 17:12:18.683079,20181210,200
2019-04-30 17:12:35.218542,20181211,200
2019-04-30 17:12:51.800986,20181212,200
2019-04-30 17:13:08.343082,20181213,200
2019-04-30 17:13:24.804682,20181214,200
2019-04-30 17:13:41.318714,20181215,200
2019-04-30 17:13:57.891763,20181216,200
2019-04-30 17:14:14.415638,20181217,200
2019-04-30 17:14:30.906264,20181218,200
2019-04-30 17:14:47.434723,20181219,200
2019-04-30 17:15:03.973686,20181220,200
2019-04-30 17:15:20.531193,20181221,200
2019-04-30 17:15:37.108288,20181222,200
2019-04-30 17:15:53.736971,20181223,200
2019-04-30 17:16:10.328268,20181224,200
2019-04-30 17:16:26.847747,20181225,200
2019-04-30 17:16:43.342895,20181226,200
2019-04-30 17:16:59.849342,20181227,200
2019-04-30 17:17:16.381755,20181228,200
2019-04-30 17:17:32.997864,20181229,200
2019-04-30 17:17:49.516619,20181230,200
2019-04-30 17:18:06.113439,20181231,200
2019-04-30 17:18:22.652248,20190101,200
2019-04-30 17:18:39.190246,20190102,200
2019-04-30 17:18:55.840313,20190103,200
2019-04-30 17:19:12.416336,20190104,200
2019-04-30 17:19:28.970820,20190105,200
2019-04-30 17:19:45.523118,20190106,200
2019-04-30 17:20:02.064573,20190107,200
2019-04-30 17:20:18.617043,20190108,200
2019-04-30 17:20:35.239101,20190109,200
2019-04-30 17:20:51.891022,20190110,200
2019-04-30 17:21:08.553346,20190111,200
2019-04-30 17:21:25.207897,20190112,200
2019-04-30 17:21:41.803813,20190113,200
2019-04-30 17:21:58.431157,20190114,200
2019-04-30 17:22:15.111208,20190115,200
2019-04-30 17:22:31.752763,20190116,200
2019-04-30 17:22:48.437992,20190117,200
2019-04-30 17:23:05.118810,20190118,200
2019-04-30 17:23:21.834277,20190119,200
2019-04-30 17:23:38.606018,20190120,200
2019-04-30 17:23:55.234803,20190121,200
2019-04-30 17:24:12.022599,20190122,200
2019-04-30 17:24:28.761654,20190123,200
2019-04-30 17:24:45.510134,20190124,200
2019-04-30 17:25:02.245211,20190125,200
2019-04-30 17:25:19.188077,20190126,200
2019-04-30 17:25:35.944689,20190127,200
2019-04-30 17:25:52.824062,20190128,200
2019-04-30 17:26:09.698836,20190129,200
2019-04-30 17:26:26.502481,20190130,200
2019-04-30 17:26:43.301556,20190131,200
2019-04-30 17:27:00.191749,20190201,200
2019-04-30 17:27:17.388171,20190202,200
2019-04-30 17:27:34.426770,20190203,200
2019-04-30 17:27:51.316424,20190204,200
2019-04-30 17:28:08.173972,20190205,200
2019-04-30 17:28:25.118509,20190206,200
2019-04-30 17:28:42.074853,20190207,200
2019-04-30 17:28:59.087661,20190208,200
2019-04-30 17:29:16.064560,20190209,200
2019-04-30 17:29:33.096412,20190210,200
2019-04-30 17:29:50.143864,20190211,200
2019-04-30 17:30:07.180053,20190212,200
2019-04-30 17:30:24.204219,20190213,200
2019-04-30 17:30:41.310582,20190214,200
2019-04-30 17:30:58.414216,20190215,200
2019-04-30 17:31:15.505389,20190216,200
2019-04-30 17:31:32.600860,20190217,200
2019-04-30 17:31:49.715528,20190218,200
2019-04-30 17:32:06.820326,20190219,200
2019-04-30 17:32:23.957717,20190220,200
2019-04-30 17:32:41.125187,20190221,200
2019-04-30 17:32:58.320374,20190222,200
2019-04-30 17:33:15.492800,20190223,200
2019-04-30 17:33:32.737230,20190224,200
2019-04-30 17:33:50.096541,20190225,200
2019-04-30 17:34:07.475167,20190226,200
2019-04-30 17:34:24.745750,20190227,200
2019-04-30 17:34:42.012188,20190228,200
2019-04-30 17:34:59.317526,20190301,200
2019-04-30 17:35:16.596364,20190302,200
2019-04-30 17:35:33.879108,20190303,200
2019-04-30 17:35:51.243812,20190304,200
2019-04-30 17:36:08.629691,20190305,200
2019-04-30 17:36:26.029708,20190306,200
2019-04-30 17:36:43.471703,20190307,200
2019-04-30 17:37:00.885517,20190308,200
2019-04-30 17:37:18.333117,20190309,200
2019-04-30 17:37:35.851385,20190310,200
2019-04-30 17:37:53.341752,20190311,200
2019-04-30 17:38:10.876631,20190312,200
2019-04-30 17:38:28.501745,20190313,200
2019-04-30 17:38:45.991554,20190314,200
2019-04-30 17:39:03.519960,20190315,200
2019-04-30 17:39:21.272152,20190316,200
2019-04-30 17:39:38.901763,20190317,200
2019-04-30 17:39:56.502244,20190318,200
2019-04-30 17:40:14.228394,20190319,200
2019-04-30 17:40:31.778715,20190320,200
2019-04-30 17:40:49.486507,20190321,200
2019-04-30 17:41:07.143940,20190322,200
2019-04-30 17:41:24.882628,20190323,200
2019-04-30 17:41:42.874943,20190324,200
2019-04-30 17:42:00.598742,20190325,200
2019-04-30 17:42:18.412137,20190326,200
2019-04-30 17:42:36.229432,20190327,200
2019-04-30 17:42:53.966795,20190328,200
2019-04-30 17:43:11.565785,20190329,200
2019-04-30 17:43:29.270440,20190330,200
2019-04-30 17:43:47.039269,20190331,200
2019-04-30 17:44:04.797758,20190401,200
2019-04-30 17:44:22.583788,20190402,200
2019-04-30 17:44:40.395135,20190403,200
2019-04-30 17:44:58.214845,20190404,200
2019-04-30 17:45:16.078750,20190405,200
2019-04-30 17:45:33.876348,20190406,200
2019-04-30 17:45:51.549364,20190407,200
2019-04-30 17:46:09.298636,20190408,200
2019-04-30 17:46:27.090574,20190409,200
2019-04-30 17:46:44.783264,20190410,200
2019-04-30 17:47:02.479987,20190411,200
2019-04-30 17:47:20.207216,20190412,200
2019-04-30 17:47:37.923168,20190413,200
2019-04-30 17:47:55.693973,20190414,200
2019-04-30 17:48:13.427023,20190415,200
2019-04-30 17:48:31.165730,20190416,200
2019-04-30 17:48:49.043656,20190417,200
2019-04-30 17:49:06.829238,20190418,200
2019-04-30 17:49:24.661743,20190419,200
2019-04-30 17:49:42.609421,20190420,200
2019-04-30 17:50:00.408004,20190421,200
2019-04-30 17:50:18.158852,20190422,200
2019-04-30 17:50:35.975271,20190423,200
2019-04-30 17:50:53.730357,20190424,200
2019-04-30 17:51:11.498117,20190425,200
2019-04-30 17:51:29.284196,20190426,200
2019-04-30 17:51:47.063616,20190427,200
2019-04-30 17:52:04.932993,20190428,200
2019-04-30 17:52:22.744258,20190429,200
2019-07-18 18:14:40.042457,20190430,200
2019-07-18 18:14:56.730554,20190501,200
2019-07-18 18:15:13.345997,20190502,200
2019-07-18 18:15:29.812038,20190503,200
2019-07-18 18:15:46.305600,20190504,200
2019-07-18 18:16:02.981998,20190505,200
2019-07-18 18:16:19.496597,20190506,200
2019-07-18 18:16:36.110380,20190507,200
2019-07-18 18:16:52.716648,20190508,200
2019-07-18 18:17:09.261938,20190509,200
2019-07-18 18:17:25.725325,20190510,200
2019-07-18 18:17:42.252280,20190511,200
2019-07-18 18:17:58.705540,20190512,200
2019-07-18 18:18:15.250255,20190513,200
2019-07-18 18:18:31.775827,20190514,200
2019-07-18 18:18:48.340287,20190515,200
2019-07-18 18:19:04.809266,20190516,200
2019-07-18 18:19:21.285072,20190517,200
2019-07-18 18:19:37.780752,20190518,200
2019-07-18 18:19:54.332973,20190519,200
2019-07-18 18:20:10.939365,20190520,200
2019-07-18 18:20:27.443621,20190521,200
2019-07-18 18:20:43.944588,20190522,200
2019-07-18 18:21:00.469567,20190523,200
2019-07-18 18:21:17.033266,20190524,200
2019-07-18 18:21:33.559944,20190525,200
2019-07-18 18:21:50.095404,20190526,200
2019-07-18 18:22:06.764167,20190527,200
2019-07-18 18:22:23.294230,20190528,200
2019-07-18 18:22:39.902785,20190529,200
2019-07-18 18:22:56.400871,20190530,200
2019-07-18 18:23:13.036378,20190531,200
2019-07-18 18:23:29.594933,20190601,200
2019-07-18 18:23:46.136220,20190602,200
2019-07-18 18:24:02.683947,20190603,200
2019-07-18 18:24:19.260702,20190604,200
2019-07-18 18:24:35.873067,20190605,200
2019-07-18 18:24:52.532051,20190606,200
2019-07-18 18:25:09.051744,20190607,200
2019-07-18 18:25:25.584212,20190608,200
2019-07-18 18:25:42.181111,20190609,200
2019-07-18 18:25:58.763303,20190610,200
2019-07-18 18:26:15.315135,20190611,200
2019-07-18 18:26:32.061543,20190612,200
2019-07-18 18:26:48.657129,20190613,200
2019-07-18 18:27:05.188519,20190614,200
2019-07-18 18:27:21.800965,20190615,200
2019-07-18 18:27:38.418682,20190616,200
2019-07-18 18:27:54.957446,20190617,200
2019-07-18 18:28:11.520339,20190618,200
2019-07-18 18:28:28.081773,20190619,200
2019-07-18 18:28:44.701452,20190620,200
2019-07-18 18:29:01.279114,20190621,200
2019-07-18 18:29:17.884747,20190622,200
2019-07-18 18:29:34.529087,20190623,200
2019-07-18 18:29:51.084828,20190624,200
2019-07-18 18:30:07.678305,20190625,200
2019-07-18 18:30:24.230234,20190626,200
2019-07-18 18:30:40.847641,20190627,200
2019-07-18 18:30:57.475399,20190628,200
2019-07-18 18:31:14.024099,20190629,200
2019-07-18 18:31:30.613207,20190630,200
2019-07-18 18:31:47.813361,20190701,200
2019-07-18 18:32:04.459739,20190702,200
2019-07-18 18:32:21.053635,20190703,200
2019-07-18 18:32:37.688549,20190704,200
2019-07-18 18:32:54.334734,20190705,200
2019-07-18 18:33:10.917578,20190706,200
2019-07-18 18:33:27.565989,20190707,200
2019-07-18 18:33:44.120334,20190708,200
2019-07-18 18:34:00.814985,20190709,200
2019-07-18 18:34:17.426709,20190710,200
2019-07-18 18:34:33.994500,20190711,200
2019-07-18 18:34:50.626619,20190712,200
2019-07-18 18:35:07.252298,20190713,200
2019-07-18 18:35:23.907974,20190714,200
2019-07-18 18:35:40.552871,20190715,200
2019-07-18 18:35:57.178112,20190716,200
2019-07-18 18:36:14.516941,20190717,200
2019-07-18 18:36:31.912320,20190718,200
2019-09-13 17:12:34.157167,20190719,200
2019-09-13 17:12:51.511468,20190720,200
2019-09-13 17:13:09.027194,20190721,200
2019-09-13 17:13:26.403108,20190722,200
2019-09-13 17:13:43.812057,20190723,200
2019-09-13 17:14:01.225462,20190724,200
2019-09-13 17:14:18.774156,20190725,200
2019-09-13 17:14:36.155037,20190726,200
2019-09-13 17:14:53.568775,20190727,200
2019-09-13 17:15:10.973960,20190728,200
2019-09-13 17:15:28.378345,20190729,200
2019-09-13 17:15:45.833229,20190730,200
2019-09-13 17:16:03.276494,20190731,200
2019-09-13 17:16:20.683913,20190801,200
2019-09-13 17:16:38.201568,20190802,200
2019-09-13 17:16:55.638198,20190803,200
2019-09-13 17:17:13.319132,20190804,200
2019-09-13 17:17:30.784617,20190805,200
2019-09-13 17:17:48.182502,20190806,200
2019-09-13 17:18:05.546814,20190807,200
2019-09-13 17:18:22.991333,20190808,200
2019-09-13 17:18:40.388110,20190809,200
2019-09-13 17:18:57.839494,20190810,200
2019-09-13 17:19:15.216629,20190811,200
2019-09-13 17:19:32.930404,20190812,200
2019-09-13 17:19:50.325940,20190813,200
2019-09-13 17:20:07.792354,20190814,200
2019-09-13 17:20:25.213288,20190815,200
2019-09-13 17:20:42.613506,20190816,200
2019-09-13 17:21:00.035955,20190817,200
2019-09-13 17:21:17.440590,20190818,200
2019-09-13 17:21:34.845335,20190819,200
2019-09-13 17:21:52.298555,20190820,200
2019-09-13 17:22:09.735116,20190821,200
2019-09-13 17:22:27.216056,20190822,200
2019-09-13 17:22:44.713259,20190823,200
2019-09-13 17:23:02.166020,20190824,200
2019-09-13 17:23:19.632272,20190825,200
2019-09-13 17:23:37.191033,20190826,200
2019-09-13 17:23:54.835132,20190827,200
2019-09-13 17:24:12.250345,20190828,200
2019-09-13 17:24:29.740641,20190829,200
2019-09-13 17:24:47.286289,20190830,200
2019-09-13 17:25:04.741945,20190831,200
2019-09-13 17:25:22.865393,20190901,200
2019-09-13 17:25:40.403308,20190902,200
2019-09-13 17:25:57.969605,20190903,200
2019-09-13 17:26:15.484384,20190904,200
2019-09-13 17:26:33.054662,20190905,200
2019-09-13 17:26:50.553543,20190906,200
2019-09-13 17:27:08.265001,20190907,200
2019-09-13 17:27:25.870108,20190908,200
2019-09-13 17:27:43.337631,20190909,200
2019-09-13 17:28:00.833168,20190910,200
2019-09-13 17:28:18.262015,20190911,200
2019-09-13 17:28:35.733262,20190912,200
2019-09-13 17:28:53.282959,20190913,200
